timestamp_ms,mse,threshold,f0,f1,f2,f3,f4,f5,f6,f7,f8,f9
91596,0.005689,0.002858,0.0501,0.0167,0.0529,-0.0338,0.0456,0.0568,1.0349,0.0983,1.0395,1.2632
92867,0.029335,0.002858,0.0543,0.0265,0.0604,-0.0340,0.0478,0.0586,1.0404,0.1198,1.0472,1.4477
95014,0.014336,0.002858,0.0506,0.0202,0.0545,-0.0353,0.0564,0.0665,1.0451,0.0879,1.0488,1.3536
97845,0.015390,0.002858,0.0490,0.0059,0.0493,-0.1040,0.1822,0.2098,1.0534,0.0617,1.0552,1.2212
101276,0.008300,0.002858,0.0540,0.0248,0.0594,-0.0310,0.0648,0.0719,1.0506,0.0542,1.0520,1.2990
102563,0.003194,0.002858,0.0537,0.0015,0.0538,-0.0291,0.0018,0.0291,1.0414,0.0019,1.0414,1.0462
19863,0.010334,0.002858,0.0579,0.0211,0.0616,-0.0267,0.0268,0.0378,1.0447,0.0567,1.0462,1.2758
71182,0.030986,0.007862,0.0526,0.0354,0.0634,-0.0296,0.0494,0.0576,1.0919,0.1532,1.1026,1.6144
73504,0.065746,0.007862,0.0436,0.0480,0.0648,-0.0103,0.0599,0.0608,1.0415,0.1923,1.0592,1.8290
3770,0.063360,0.007862,0.0637,0.0381,0.0742,-0.0326,0.0635,0.0713,1.1419,0.2025,1.1597,1.7931
6441,0.043167,0.007862,0.0568,0.0174,0.0594,-0.0244,0.0488,0.0546,1.0718,0.1366,1.0805,1.6902
33089,0.012300,0.007862,0.0554,0.0155,0.0575,-0.0358,0.0367,0.0512,1.0462,0.1044,1.0514,1.4266
789,0.504803,0.007862,0.0907,0.0019,0.0908,-0.9886,0.0020,0.9886,-0.2015,0.0018,0.2015,1.0177
1047,0.504859,0.007862,0.0911,0.0017,0.0912,-0.9885,0.0020,0.9885,-0.2025,0.0025,0.2025,1.0186
1307,0.504610,0.007862,0.0914,0.0013,0.0914,-0.9880,0.0019,0.9880,-0.2024,0.0026,0.2024,1.0164
1570,0.504730,0.007862,0.0904,0.0015,0.0904,-0.9884,0.0025,0.9884,-0.2017,0.0019,0.2017,1.0182
1832,0.504741,0.007862,0.0907,0.0013,0.0907,-0.9882,0.0019,0.9882,-0.2031,0.0016,0.2031,1.0171
2098,0.504713,0.007862,0.0902,0.0015,0.0902,-0.9882,0.0021,0.9882,-0.2028,0.0025,0.2029,1.0161
2360,0.504677,0.007862,0.0905,0.0012,0.0905,-0.9880,0.0017,0.9880,-0.2036,0.0017,0.2036,1.0165
2627,0.504425,0.007862,0.0909,0.0015,0.0909,-0.9876,0.0034,0.9876,-0.2034,0.0025,0.2034,1.0212
2887,0.505047,0.007862,0.0886,0.0021,0.0886,-0.9891,0.0098,0.9891,-0.2044,0.0040,0.2044,1.0288
3147,0.503917,0.007862,0.0891,0.0018,0.0892,-0.9864,0.0040,0.9864,-0.2039,0.0024,0.2040,1.0192
3408,0.505043,0.007862,0.0885,0.0020,0.0886,-0.9887,0.0054,0.9887,-0.2056,0.0030,0.2056,1.0233
3678,0.504926,0.007862,0.0887,0.0014,0.0887,-0.9884,0.0036,0.9884,-0.2057,0.0028,0.2057,1.0218
3948,0.504308,0.007862,0.0880,0.0015,0.0880,-0.9869,0.0025,0.9869,-0.2062,0.0019,0.2062,1.0161
4217,0.504890,0.007862,0.0889,0.0023,0.0890,-0.9885,0.0079,0.9886,-0.2047,0.0040,0.2048,1.0239
4486,0.505285,0.007862,0.0890,0.0014,0.0890,-0.9897,0.0070,0.9897,-0.2032,0.0034,0.2032,1.0252
4752,0.504278,0.007862,0.0862,0.0028,0.0862,-0.9871,0.0069,0.9871,-0.2063,0.0035,0.2064,1.0237
931,0.206779,0.007862,-0.7771,0.0150,0.7773,-0.0107,0.0406,0.0420,0.6130,0.0164,0.6132,1.0061
1193,0.210533,0.007862,-0.7806,0.0046,0.7806,-0.0018,0.0135,0.0136,0.6025,0.0097,0.6025,0.9942
1453,0.211108,0.007862,-0.7808,0.0065,0.7808,0.0021,0.0041,0.0046,0.6024,0.0104,0.6025,0.9963
1710,0.210938,0.007862,-0.7808,0.0020,0.7808,0.0013,0.0031,0.0033,0.6022,0.0049,0.6022,0.9929
1970,0.211503,0.007862,-0.7819,0.0014,0.7819,0.0016,0.0034,0.0038,0.6014,0.0037,0.6014,0.9923
2235,0.210859,0.007862,-0.7809,0.0013,0.7809,0.0001,0.0030,0.0030,0.6027,0.0033,0.6027,0.9908
2504,0.211581,0.007862,-0.7819,0.0024,0.7819,0.0011,0.0025,0.0027,0.6018,0.0040,0.6018,0.9935
2768,0.211150,0.007862,-0.7810,0.0021,0.7810,0.0008,0.0028,0.0029,0.6021,0.0026,0.6021,0.9918
3043,0.210181,0.007862,-0.7798,0.0020,0.7798,0.0005,0.0020,0.0021,0.6043,0.0027,0.6043,0.9910
3311,0.211551,0.007862,-0.7816,0.0015,0.7816,0.0013,0.0026,0.0029,0.6011,0.0029,0.6011,0.9909
3570,0.211523,0.007862,-0.7819,0.0019,0.7819,0.0018,0.0024,0.0030,0.6016,0.0050,0.6016,0.9918
3830,0.211175,0.007862,-0.7802,0.0045,0.7802,0.0019,0.0054,0.0057,0.6002,0.0113,0.6003,1.0027
4096,0.210563,0.007862,-0.7813,0.0041,0.7813,-0.0011,0.0044,0.0045,0.6054,0.0060,0.6054,0.9992
4366,0.211575,0.007862,-0.7816,0.0035,0.7816,0.0018,0.0039,0.0042,0.6013,0.0051,0.6013,0.9932
4644,0.212025,0.007862,-0.7818,0.0029,0.7818,0.0006,0.0027,0.0027,0.6000,0.0034,0.6000,0.9901
4913,0.210982,0.007862,-0.7809,0.0030,0.7809,-0.0012,0.0022,0.0025,0.6029,0.0050,0.6029,0.9951
5187,0.211820,0.007862,-0.7822,0.0025,0.7822,0.0017,0.0020,0.0027,0.6012,0.0042,0.6012,0.9923
5450,0.211949,0.007862,-0.7823,0.0016,0.7823,0.0000,0.0026,0.0026,0.6007,0.0040,0.6007,0.9915
5707,0.209719,0.007862,-0.7792,0.0026,0.7792,0.0007,0.0029,0.0030,0.6052,0.0031,0.6052,0.9917
5970,0.211505,0.007862,-0.7816,0.0019,0.7816,0.0019,0.0029,0.0035,0.6012,0.0033,0.6012,0.9906
6240,0.211199,0.007862,-0.7811,0.0013,0.7811,0.0017,0.0022,0.0028,0.6017,0.0020,0.6017,0.9884
6504,0.211091,0.007862,-0.7811,0.0015,0.7811,0.0011,0.0018,0.0021,0.6025,0.0021,0.6025,0.9902
6770,0.212166,0.007862,-0.7824,0.0018,0.7824,0.0004,0.0018,0.0018,0.6001,0.0032,0.6001,0.9910
7033,0.211068,0.007862,-0.7808,0.0026,0.7808,0.0032,0.0027,0.0042,0.6016,0.0040,0.6017,0.9912
7299,0.209439,0.007862,-0.7796,0.0034,0.7796,-0.0001,0.0060,0.0060,0.6066,0.0057,0.6066,0.9932
7565,0.212551,0.007862,-0.7820,0.0032,0.7820,0.0008,0.0029,0.0030,0.5983,0.0039,0.5983,0.9946
7832,0.210518,0.007862,-0.7809,0.0034,0.7809,0.0009,0.0036,0.0037,0.6048,0.0039,0.6048,0.9935
8103,0.211427,0.007862,-0.7811,0.0018,0.7811,0.0021,0.0026,0.0034,0.6007,0.0035,0.6008,0.9909
8377,0.210989,0.007862,-0.7810,0.0021,0.7810,0.0006,0.0028,0.0028,0.6027,0.0038,0.6027,0.9910
8645,0.209161,0.007862,-0.7787,0.0038,0.7787,0.0002,0.0042,0.0042,0.6066,0.0080,0.6067,0.9943
8908,0.212704,0.007862,-0.7830,0.0048,0.7830,0.0027,0.0036,0.0045,0.5989,0.0084,0.5989,0.9941
9173,0.211268,0.007862,-0.7810,0.0033,0.7810,-0.0017,0.0031,0.0035,0.6017,0.0069,0.6017,0.9956
9430,0.210475,0.007862,-0.7808,0.0027,0.7808,0.0020,0.0042,0.0047,0.6043,0.0035,0.6043,0.9925
9693,0.211058,0.007862,-0.7801,0.0041,0.7802,0.0008,0.0036,0.0037,0.6013,0.0060,0.6013,0.9926
9954,0.209976,0.007862,-0.7799,0.0043,0.7799,-0.0005,0.0023,0.0023,0.6061,0.0046,0.6062,0.9946
10225,0.211596,0.007862,-0.7814,0.0034,0.7814,0.0021,0.0026,0.0034,0.6010,0.0038,0.6010,0.9918
10493,0.210187,0.007862,-0.7800,0.0019,0.7800,-0.0010,0.0027,0.0029,0.6043,0.0036,0.6043,0.9906
10751,0.211256,0.007862,-0.7815,0.0039,0.7815,0.0017,0.0020,0.0026,0.6029,0.0068,0.6029,0.9991
11020,0.209674,0.007862,-0.7790,0.0030,0.7790,-0.0002,0.0020,0.0020,0.6052,0.0052,0.6053,0.9961
11283,0.210739,0.007862,-0.7798,0.0022,0.7798,0.0006,0.0034,0.0034,0.6017,0.0028,0.6017,0.9892
11540,0.210482,0.007862,-0.7805,0.0020,0.7805,0.0004,0.0029,0.0029,0.6040,0.0026,0.6040,0.9911
11803,0.210361,0.007862,-0.7796,0.0025,0.7796,0.0007,0.0030,0.0031,0.6030,0.0030,0.6030,0.9897
12080,0.210600,0.007862,-0.7804,0.0030,0.7804,0.0010,0.0019,0.0022,0.6034,0.0069,0.6035,0.9994
12341,0.210718,0.007862,-0.7803,0.0029,0.7803,0.0006,0.0031,0.0032,0.6030,0.0028,0.6030,0.9920
12601,0.209974,0.007862,-0.7794,0.0019,0.7794,-0.0005,0.0037,0.0037,0.6043,0.0021,0.6043,0.9894
12860,0.210743,0.007862,-0.7808,0.0033,0.7808,0.0011,0.0032,0.0034,0.6038,0.0033,0.6038,0.9921
13120,0.210913,0.007862,-0.7799,0.0029,0.7799,0.0007,0.0024,0.0025,0.6013,0.0055,0.6013,0.9927
13380,0.210221,0.007862,-0.7802,0.0027,0.7802,-0.0007,0.0018,0.0020,0.6049,0.0056,0.6050,0.9957
13640,0.210866,0.007862,-0.7806,0.0038,0.7806,0.0025,0.0025,0.0035,0.6025,0.0082,0.6025,0.9974
13899,0.210811,0.007862,-0.7803,0.0024,0.7803,0.0003,0.0030,0.0030,0.6023,0.0035,0.6023,0.9910
14167,0.209066,0.007862,-0.7806,0.0027,0.7806,0.0006,0.0034,0.0034,0.6027,0.0034,0.6027,0.9910
14430,0.209358,0.007862,-0.7801,0.0038,0.7802,0.0012,0.0026,0.0029,0.6011,0.0070,0.6011,0.9964
14697,0.209121,0.007862,-0.7809,0.0022,0.7810,0.0005,0.0023,0.0023,0.6033,0.0035,0.6033,0.9946
14962,0.209171,0.007862,-0.7813,0.0018,0.7813,-0.0002,0.0023,0.0023,0.6035,0.0026,0.6035,0.9911
15231,0.208680,0.007862,-0.7802,0.0017,0.7802,0.0011,0.0017,0.0020,0.6034,0.0036,0.6034,0.9908
15496,0.208810,0.007862,-0.7804,0.0015,0.7804,0.0004,0.0017,0.0017,0.6034,0.0019,0.6034,0.9889
15765,0.208718,0.007862,-0.7802,0.0013,0.7802,0.0008,0.0018,0.0019,0.6033,0.0021,0.6033,0.9900
16043,0.208889,0.007862,-0.7805,0.0014,0.7805,0.0004,0.0017,0.0018,0.6032,0.0026,0.6032,0.9896
16315,0.208853,0.007862,-0.7806,0.0017,0.7806,0.0002,0.0019,0.0019,0.6035,0.0025,0.6035,0.9896
16582,0.208903,0.007862,-0.7802,0.0018,0.7802,0.0003,0.0015,0.0015,0.6029,0.0020,0.6029,0.9904
16849,0.208773,0.007862,-0.7807,0.0011,0.7807,0.0008,0.0021,0.0022,0.6038,0.0022,0.6038,0.9899
17112,0.209196,0.007862,-0.7807,0.0015,0.7807,0.0003,0.0014,0.0014,0.6024,0.0018,0.6024,0.9889
17376,0.208712,0.007862,-0.7803,0.0016,0.7803,0.0009,0.0018,0.0020,0.6036,0.0021,0.6036,0.9910
17652,0.208813,0.007862,-0.7805,0.0013,0.7805,0.0005,0.0015,0.0016,0.6035,0.0024,0.6035,0.9902
17910,0.208786,0.007862,-0.7801,0.0018,0.7801,0.0009,0.0018,0.0020,0.6030,0.0021,0.6030,0.9891
18170,0.208757,0.007862,-0.7805,0.0014,0.7805,0.0011,0.0014,0.0017,0.6038,0.0023,0.6038,0.9909
18430,0.208585,0.007862,-0.7801,0.0011,0.7801,0.0006,0.0020,0.0021,0.6036,0.0021,0.6036,0.9901
18691,0.208884,0.007862,-0.7804,0.0018,0.7804,-0.0004,0.0016,0.0016,0.6033,0.0025,0.6033,0.9892
18959,0.208754,0.007862,-0.7806,0.0011,0.7806,0.0007,0.0022,0.0023,0.6037,0.0024,0.6037,0.9895
19230,0.208587,0.007862,-0.7795,0.0016,0.7795,0.0006,0.0020,0.0021,0.6029,0.0019,0.6029,0.9901
19490,0.208817,0.007862,-0.7802,0.0017,0.7802,0.0009,0.0014,0.0017,0.6032,0.0036,0.6032,0.9930
19756,0.208732,0.007862,-0.7806,0.0017,0.7806,0.0001,0.0026,0.0026,0.6041,0.0037,0.6041,0.9926
20021,0.209104,0.007862,-0.7804,0.0032,0.7804,0.0012,0.0028,0.0030,0.6023,0.0053,0.6023,0.9913
20291,0.208938,0.007862,-0.7805,0.0023,0.7805,0.0011,0.0040,0.0042,0.6027,0.0037,0.6027,0.9906
20554,0.208736,0.007862,-0.7802,0.0018,0.7802,0.0007,0.0033,0.0034,0.6031,0.0035,0.6031,0.9911
928,0.237701,0.007862,-0.8048,0.0980,0.8107,0.0465,0.1872,0.1929,0.5858,0.1908,0.6160,1.1922
1190,0.187729,0.007862,-0.7375,0.0860,0.7425,-0.1952,0.0987,0.2187,0.7171,0.1066,0.7250,1.2214
1444,0.227700,0.007862,-0.7827,0.0999,0.7891,0.0359,0.1996,0.2028,0.6008,0.1612,0.6220,1.2160
1704,0.224318,0.007862,-0.7672,0.0938,0.7729,-0.0197,0.2135,0.2144,0.5908,0.1693,0.6146,1.2211
1967,0.229394,0.007862,-0.7837,0.1015,0.7902,0.0145,0.2165,0.2169,0.6091,0.1690,0.6321,1.2460
2224,0.220551,0.007862,-0.7765,0.0722,0.7798,0.0112,0.2137,0.2140,0.5983,0.1470,0.6161,1.1741
2488,0.226453,0.007862,-0.7756,0.1068,0.7829,0.0023,0.2204,0.2204,0.5974,0.1540,0.6169,1.1828
2759,0.230936,0.007862,-0.8005,0.0973,0.8064,0.0099,0.1745,0.1748,0.6120,0.1300,0.6256,1.1901
3026,0.220067,0.007862,-0.7832,0.0568,0.7853,-0.0083,0.1802,0.1804,0.5941,0.1407,0.6105,1.1478
3295,0.239618,0.007862,-0.8123,0.0902,0.8172,0.0029,0.1508,0.1508,0.5886,0.1101,0.5988,1.1786
3558,0.226532,0.007862,-0.7833,0.0946,0.7890,-0.0017,0.1763,0.1763,0.5966,0.1056,0.6059,1.1722
3815,0.231507,0.007862,-0.7960,0.0912,0.8012,0.0330,0.1778,0.1808,0.5949,0.0975,0.6028,1.1742
4080,0.216365,0.007862,-0.7677,0.0897,0.7729,-0.0039,0.2004,0.2005,0.6117,0.0834,0.6173,1.1510
4347,0.226113,0.007862,-0.7958,0.0755,0.7994,0.0446,0.1696,0.1753,0.6045,0.0646,0.6079,1.1499
4606,0.216616,0.007862,-0.7786,0.0760,0.7823,0.0088,0.1584,0.1586,0.6123,0.0783,0.6173,1.1374
4876,0.212230,0.007862,-0.7717,0.0807,0.7760,0.0233,0.1835,0.1850,0.6271,0.0666,0.6306,1.1430
5135,0.221644,0.007862,-0.7982,0.0687,0.8012,0.0173,0.1375,0.1386,0.6190,0.0710,0.6231,1.1316
5395,0.206679,0.007862,-0.7503,0.0516,0.7521,0.0129,0.1407,0.1413,0.5837,0.0541,0.5862,1.0619
5654,0.215884,0.007862,-0.7932,0.0748,0.7967,0.0416,0.1030,0.1111,0.6350,0.0755,0.6395,1.1318
5917,0.209729,0.007862,-0.7827,0.0516,0.7844,0.0052,0.0907,0.0909,0.6275,0.0672,0.6310,1.1006
6174,0.215139,0.007862,-0.7828,0.0634,0.7853,0.0232,0.0950,0.0978,0.6099,0.0664,0.6135,1.1041
6446,0.210672,0.007862,-0.7744,0.0675,0.7773,0.0101,0.1039,0.1044,0.6193,0.0595,0.6222,1.1083
6704,0.208629,0.007862,-0.7672,0.0540,0.7691,-0.0045,0.0933,0.0935,0.6078,0.0423,0.6092,1.0886
6963,0.213573,0.007862,-0.7696,0.0601,0.7720,-0.0275,0.0600,0.0660,0.5975,0.0346,0.5985,1.0905
7227,0.214836,0.007862,-0.7735,0.0679,0.7765,-0.0125,0.0756,0.0766,0.6052,0.0307,0.6060,1.1084
7496,0.214463,0.007862,-0.7780,0.0681,0.7810,-0.0049,0.0704,0.0706,0.6130,0.0315,0.6138,1.0965
7764,0.211474,0.007862,-0.7737,0.0550,0.7757,-0.0050,0.0708,0.0709,0.6093,0.0197,0.6096,1.0754
8024,0.208290,0.007862,-0.7653,0.0571,0.7674,0.0017,0.0775,0.0775,0.6105,0.0264,0.6110,1.0964
8288,0.202654,0.007862,-0.7646,0.0343,0.7653,-0.0049,0.0618,0.0620,0.6139,0.0415,0.6153,1.0182
8562,0.209200,0.007862,-0.7767,0.0267,0.7772,0.0008,0.0375,0.0375,0.6080,0.0191,0.6083,1.0276
8830,0.215098,0.007862,-0.7835,0.0465,0.7849,0.0153,0.0615,0.0634,0.6057,0.0211,0.6060,1.0812
9099,0.215343,0.007862,-0.7846,0.0479,0.7860,0.0182,0.0401,0.0440,0.6064,0.0218,0.6068,1.0617
9364,0.210260,0.007862,-0.7765,0.0318,0.7771,0.0090,0.0207,0.0226,0.6104,0.0126,0.6105,1.0627
9627,0.209412,0.007862,-0.7754,0.0343,0.7761,0.0011,0.0338,0.0339,0.6110,0.0148,0.6112,1.0496
9884,0.209255,0.007862,-0.7752,0.0348,0.7760,0.0149,0.0626,0.0643,0.6074,0.0133,0.6075,1.0424
10150,0.206490,0.007862,-0.7755,0.0078,0.7756,0.0084,0.0231,0.0246,0.6105,0.0079,0.6105,1.0038
10417,0.206330,0.007862,-0.7759,0.0021,0.7759,0.0091,0.0103,0.0137,0.6112,0.0036,0.6112,0.9910
10676,0.206256,0.007862,-0.7760,0.0029,0.7761,0.0087,0.0123,0.0151,0.6118,0.0056,0.6118,0.9942
10944,0.205920,0.007862,-0.7747,0.0017,0.7747,0.0068,0.0082,0.0107,0.6117,0.0028,0.6117,0.9899
11209,0.205735,0.007862,-0.7752,0.0017,0.7752,0.0090,0.0033,0.0096,0.6131,0.0025,0.6131,0.9916
11477,0.205933,0.007862,-0.7750,0.0020,0.7750,0.0062,0.0039,0.0073,0.6126,0.0038,0.6126,0.9916
11747,0.205978,0.007862,-0.7755,0.0021,0.7755,0.0096,0.0055,0.0111,0.6124,0.0030,0.6124,0.9911
12017,0.261785,0.007862,-0.8054,0.0826,0.8097,0.3131,0.2697,0.4132,0.5815,0.0456,0.5833,1.3354
12279,0.219773,0.007862,-0.7894,0.0628,0.7919,0.0079,0.1739,0.1741,0.6174,0.1040,0.6261,1.1784
12544,0.202546,0.007862,-0.7348,0.0954,0.7410,-0.0563,0.1744,0.1833,0.6347,0.0986,0.6423,1.2254
12807,0.226391,0.007862,-0.7800,0.0919,0.7854,0.0499,0.1577,0.1654,0.5870,0.2051,0.6218,1.2200
13065,0.241001,0.007862,-0.8076,0.1056,0.8145,-0.0054,0.2129,0.2130,0.5955,0.2110,0.6318,1.2159
13337,0.246162,0.007862,-0.8063,0.1180,0.8148,0.0113,0.2654,0.2656,0.6076,0.2000,0.6397,1.2659
13606,0.248358,0.007862,-0.7979,0.1134,0.8059,-0.0199,0.3027,0.3034,0.6101,0.2677,0.6662,1.3191
13872,0.262779,0.007862,-0.7957,0.1274,0.8058,-0.0385,0.3647,0.3667,0.5988,0.3012,0.6702,1.3659
14147,0.263070,0.007862,-0.7886,0.1513,0.8030,-0.0976,0.3434,0.3570,0.5992,0.3024,0.6712,1.3491
14404,0.304983,0.007862,-0.8661,0.1458,0.8782,0.0463,0.3984,0.4011,0.5607,0.2956,0.6339,1.3431
14666,0.163513,0.007862,-0.6424,0.0909,0.6488,-0.3730,0.2274,0.4368,0.9334,0.0524,0.9349,1.4143
14930,0.252156,0.007862,-0.7810,0.1600,0.7973,-0.1321,0.4125,0.4332,0.7151,0.3148,0.7813,1.3813
15204,0.245620,0.007862,-0.7962,0.1559,0.8113,0.0993,0.4392,0.4503,0.7380,0.2825,0.7903,1.3986
15464,0.426482,0.007862,-0.7545,0.1855,0.7769,-0.2327,0.6060,0.6491,0.6232,0.3507,0.7151,2.1528
15722,0.277611,0.007862,-0.7625,0.1829,0.7841,-0.2045,0.4522,0.4963,0.6890,0.3338,0.7656,1.5308
15989,0.306754,0.007862,-0.7497,0.2009,0.7762,-0.2050,0.4899,0.5311,0.6401,0.3480,0.7286,1.6489
16254,0.371225,0.007862,-0.7955,0.1745,0.8144,-0.4044,0.4719,0.6215,0.6050,0.3483,0.6981,1.7514
16517,0.334713,0.007862,-0.7633,0.1996,0.7890,-0.2658,0.5317,0.5944,0.5538,0.3541,0.6573,1.5491
16775,0.426970,0.007862,-0.7849,0.1596,0.8009,-0.3992,0.5224,0.6574,0.5675,0.3685,0.6766,2.0135
17038,0.443996,0.007862,-0.7881,0.1916,0.8110,-0.2745,0.6981,0.7501,0.5976,0.3180,0.6770,2.0293
17306,0.466776,0.007862,-0.7792,0.1884,0.8017,-0.5269,0.5849,0.7872,0.5765,0.3404,0.6695,2.0275
17564,0.513167,0.007862,-0.7535,0.2234,0.7859,-0.2632,0.6254,0.6785,0.5832,0.3461,0.6782,2.3856
17835,0.294202,0.007862,-0.7261,0.2370,0.7638,0.0503,0.5026,0.5051,0.5897,0.3601,0.6910,1.6083
18098,0.581750,0.007862,-0.7471,0.2409,0.7849,-0.0857,0.8457,0.8500,0.6021,0.3675,0.7053,2.4531
18365,0.351114,0.007862,-0.7913,0.1700,0.8094,-0.1327,0.6028,0.6173,0.5268,0.3503,0.6327,1.5868
18623,0.340844,0.007862,-0.7655,0.1413,0.7785,-0.1946,0.5096,0.5455,0.5827,0.3597,0.6848,1.7921
18887,0.416411,0.007862,-0.7717,0.1797,0.7923,-0.0709,0.5998,0.6039,0.5838,0.3467,0.6790,2.1123
19153,0.478274,0.007862,-0.7489,0.2105,0.7779,0.0912,0.8146,0.8197,0.5796,0.3166,0.6604,2.1294
19417,0.381239,0.007862,-0.7199,0.1952,0.7459,-0.0481,0.6901,0.6918,0.6341,0.3170,0.7090,2.0018
19674,0.396259,0.007862,-0.7763,0.2411,0.8129,-0.1278,0.7086,0.7201,0.5918,0.3480,0.6866,1.8117
19939,0.361744,0.007862,-0.7959,0.1907,0.8185,-0.1744,0.6541,0.6770,0.6072,0.3537,0.7027,1.6603
20206,0.357582,0.007862,-0.7578,0.1342,0.7696,-0.2059,0.7340,0.7623,0.5740,0.3208,0.6576,1.5869
20470,0.325309,0.007862,-0.7820,0.1739,0.8011,-0.1164,0.5160,0.5290,0.5848,0.3406,0.6768,1.6621
20739,0.315841,0.007862,-0.7474,0.1496,0.7622,-0.2915,0.4856,0.5663,0.5838,0.3694,0.6909,1.6097
21008,1.033301,0.007862,-0.7383,0.2237,0.7714,-0.2619,0.9373,0.9732,0.5728,0.3187,0.6555,3.2739
21266,0.516725,0.007862,-0.8031,0.2220,0.8332,-0.1800,0.5876,0.6145,0.6060,0.3735,0.7119,2.3966
21543,0.312537,0.007862,-0.7247,0.2471,0.7657,-0.2247,0.4953,0.5439,0.5533,0.3552,0.6575,1.5094
21808,0.317481,0.007862,-0.7492,0.2159,0.7797,-0.1525,0.5586,0.5791,0.5859,0.3120,0.6638,1.5752
22077,0.306343,0.007862,-0.7138,0.2218,0.7475,-0.0786,0.5343,0.5400,0.5494,0.3307,0.6412,1.6020
22345,0.342584,0.007862,-0.7503,0.2284,0.7843,-0.1008,0.5147,0.5245,0.5377,0.3545,0.6441,1.7338
22605,0.348523,0.007862,-0.7530,0.1530,0.7684,-0.1694,0.5764,0.6008,0.5149,0.3599,0.6282,1.6964
22866,0.412352,0.007862,-0.7936,0.1441,0.8066,-0.3478,0.5293,0.6333,0.5869,0.3260,0.6713,2.0017
23133,0.322770,0.007862,-0.8040,0.1801,0.8239,-0.1267,0.5084,0.5240,0.5636,0.3360,0.6562,1.5138
23397,0.322562,0.007862,-0.8453,0.1726,0.8627,0.0358,0.5453,0.5465,0.5810,0.2580,0.6357,1.4272
23668,0.243550,0.007862,-0.8049,0.1489,0.8186,0.0904,0.3611,0.3723,0.7166,0.2536,0.7601,1.3825
23926,0.274959,0.007862,-0.7886,0.1402,0.8010,-0.0292,0.3883,0.3894,0.5835,0.2828,0.6484,1.4264
24197,0.258568,0.007862,-0.7982,0.1282,0.8084,-0.0283,0.3740,0.3751,0.6174,0.2535,0.6674,1.3393
24466,0.248953,0.007862,-0.7996,0.1210,0.8087,0.0169,0.2857,0.2862,0.6168,0.2686,0.6728,1.3468
24750,0.227843,0.007862,-0.7755,0.1170,0.7843,0.0242,0.3029,0.3039,0.6438,0.2586,0.6938,1.2752
25017,0.233353,0.007862,-0.7730,0.1354,0.7848,-0.0238,0.2386,0.2398,0.6230,0.2144,0.6589,1.2987
25366,0.234861,0.007862,-0.7920,0.1311,0.8028,0.0219,0.2261,0.2271,0.6355,0.2264,0.6746,1.2824
25636,0.223764,0.007862,-0.7748,0.1209,0.7842,-0.0231,0.1902,0.1916,0.6196,0.2318,0.6615,1.2157
25906,0.225001,0.007862,-0.7838,0.1150,0.7922,-0.0126,0.1657,0.1662,0.6199,0.2084,0.6540,1.2046
26175,0.233929,0.007862,-0.7960,0.1050,0.8029,0.0616,0.2002,0.2095,0.5967,0.1899,0.6262,1.2147
26441,0.210607,0.007862,-0.7645,0.1046,0.7716,-0.0718,0.1775,0.1915,0.6507,0.1923,0.6785,1.1995
26710,0.198431,0.007862,-0.7400,0.1053,0.7475,-0.0779,0.1627,0.1803,0.6699,0.1851,0.6950,1.2224
26980,0.225426,0.007862,-0.7903,0.1074,0.7976,-0.1008,0.1641,0.1926,0.6425,0.1574,0.6615,1.2170
27249,0.217362,0.007862,-0.7734,0.0943,0.7791,-0.0074,0.2057,0.2059,0.6413,0.1748,0.6647,1.2483
27530,0.230386,0.007862,-0.7857,0.0946,0.7914,0.0162,0.2112,0.2118,0.5909,0.1518,0.6101,1.2102
27796,0.226946,0.007862,-0.7909,0.0922,0.7962,-0.0103,0.2169,0.2171,0.6125,0.1570,0.6323,1.1901
28056,0.228606,0.007862,-0.7936,0.0918,0.7989,0.0245,0.2131,0.2145,0.6055,0.1415,0.6218,1.1843
28327,0.221948,0.007862,-0.7875,0.0869,0.7923,-0.0153,0.1952,0.1958,0.6288,0.1191,0.6400,1.2034
28597,0.225750,0.007862,-0.7925,0.0899,0.7975,-0.0038,0.1502,0.1503,0.6117,0.1395,0.6274,1.1908
28865,0.232958,0.007862,-0.8012,0.0904,0.8063,0.0093,0.1905,0.1908,0.6020,0.1002,0.6103,1.1904
29123,0.232418,0.007862,-0.7968,0.0919,0.8021,-0.0072,0.1813,0.1815,0.5954,0.0884,0.6019,1.1792
29417,0.227367,0.007862,-0.7880,0.1006,0.7944,0.0020,0.1756,0.1756,0.6081,0.0754,0.6128,1.1819
29684,0.215586,0.007862,-0.7707,0.0851,0.7754,-0.0082,0.1901,0.1903,0.6096,0.0614,0.6127,1.1334
29949,0.214990,0.007862,-0.7741,0.0761,0.7778,0.0130,0.1735,0.1740,0.6076,0.0643,0.6110,1.1298
30220,0.222549,0.007862,-0.7783,0.0850,0.7829,-0.0041,0.1816,0.1816,0.5951,0.0760,0.5999,1.1587
30488,0.226133,0.007862,-0.7933,0.0905,0.7984,0.0011,0.1459,0.1459,0.6140,0.0850,0.6198,1.1833
30759,0.203875,0.007862,-0.7684,0.0695,0.7715,0.0136,0.1246,0.1253,0.6479,0.0824,0.6532,1.1641
31028,0.209913,0.007862,-0.8025,0.0419,0.8036,0.0340,0.1020,0.1076,0.6606,0.0676,0.6640,1.1338
31304,0.210777,0.007862,-0.7541,0.0851,0.7589,-0.0069,0.1271,0.1273,0.5924,0.0567,0.5952,1.1146
31566,0.221850,0.007862,-0.7847,0.0821,0.7890,-0.0166,0.1022,0.1036,0.6014,0.0610,0.6045,1.1337
31836,0.212166,0.007862,-0.7740,0.0580,0.7762,0.0135,0.0944,0.0954,0.6037,0.0570,0.6064,1.1184
32107,0.212769,0.007862,-0.7761,0.0753,0.7798,-0.0129,0.1116,0.1123,0.6210,0.0575,0.6237,1.1315
32377,0.221898,0.007862,-0.7908,0.0659,0.7936,0.0257,0.0987,0.1020,0.6032,0.0380,0.6044,1.1448
32647,0.220301,0.007862,-0.7883,0.0708,0.7915,0.0359,0.1130,0.1186,0.6008,0.0413,0.6023,1.1143
32918,0.215842,0.007862,-0.7739,0.0780,0.7778,0.0284,0.0898,0.0942,0.6053,0.0353,0.6064,1.1387
33206,0.205877,0.007862,-0.7705,0.0384,0.7715,0.0116,0.0854,0.0862,0.6057,0.0286,0.6064,1.0417
33475,0.227929,0.007862,-0.8008,0.0681,0.8037,0.0506,0.0825,0.0968,0.5979,0.0233,0.5984,1.1548
33744,0.207502,0.007862,-0.7808,0.0184,0.7810,0.0030,0.0555,0.0556,0.6100,0.0167,0.6102,1.0315
34005,0.209633,0.007862,-0.7819,0.0258,0.7824,0.0034,0.0656,0.0657,0.6079,0.0183,0.6081,1.0558
34265,0.209318,0.007862,-0.7811,0.0271,0.7815,-0.0086,0.0327,0.0338,0.6108,0.0123,0.6109,1.0295
34534,0.205941,0.007862,-0.7736,0.0262,0.7740,0.0037,0.0494,0.0495,0.6082,0.0148,0.6084,1.0265
34795,0.211238,0.007862,-0.7808,0.0323,0.7815,0.0009,0.0247,0.0247,0.6072,0.0144,0.6074,1.0477
35065,0.211719,0.007862,-0.7821,0.0327,0.7827,-0.0066,0.0323,0.0330,0.6072,0.0087,0.6072,1.0461
35336,0.203361,0.007862,-0.7702,0.0227,0.7705,0.0058,0.0788,0.0790,0.6094,0.0120,0.6096,1.0276
35605,0.204861,0.007862,-0.7754,0.0033,0.7754,0.0066,0.0223,0.0232,0.6079,0.0049,0.6079,0.9942
35875,0.207003,0.007862,-0.7788,0.0018,0.7788,0.0043,0.0038,0.0057,0.6075,0.0028,0.6075,0.9915
36135,0.206247,0.007862,-0.7774,0.0018,0.7774,0.0028,0.0041,0.0050,0.6085,0.0030,0.6085,0.9904
36394,0.206990,0.007862,-0.7788,0.0021,0.7789,0.0040,0.0021,0.0045,0.6081,0.0021,0.6081,0.9910
36655,0.209120,0.007862,-0.7810,0.0030,0.7810,0.0048,0.0019,0.0052,0.6025,0.0031,0.6025,0.9908
36914,0.201107,0.007862,-0.7703,0.0024,0.7703,0.0040,0.0030,0.0050,0.6189,0.0049,0.6189,0.9941
37174,0.210088,0.007862,-0.7828,0.0030,0.7828,0.0064,0.0027,0.0069,0.6008,0.0055,0.6009,0.9933
37447,0.204387,0.007862,-0.7741,0.0069,0.7741,0.0037,0.0025,0.0045,0.6132,0.0111,0.6133,1.0068
37718,0.207628,0.007862,-0.7773,0.0094,0.7773,0.0042,0.0093,0.0102,0.6044,0.0144,0.6045,1.0107
37983,0.204243,0.007862,-0.7745,0.0038,0.7745,-0.0009,0.0035,0.0036,0.6139,0.0057,0.6139,0.9991
38247,0.204180,0.007862,-0.7748,0.0035,0.7748,0.0018,0.0035,0.0039,0.6143,0.0052,0.6143,0.9978
38517,0.202539,0.007862,-0.7717,0.0026,0.7717,0.0005,0.0032,0.0033,0.6157,0.0064,0.6157,0.9963
38784,0.202310,0.007862,-0.7720,0.0025,0.7720,-0.0012,0.0039,0.0041,0.6175,0.0049,0.6175,0.9976
39046,0.201795,0.007862,-0.7713,0.0031,0.7713,0.0006,0.0020,0.0021,0.6193,0.0055,0.6193,1.0010
39314,0.202409,0.007862,-0.7721,0.0018,0.7722,-0.0008,0.0030,0.0031,0.6171,0.0039,0.6172,0.9946
39574,0.201772,0.007862,-0.7709,0.0020,0.7709,-0.0007,0.0026,0.0027,0.6179,0.0028,0.6179,0.9933
39842,0.202473,0.007862,-0.7719,0.0033,0.7719,-0.0001,0.0031,0.0031,0.6170,0.0050,0.6170,0.9956
40107,0.202050,0.007862,-0.7714,0.0019,0.7714,-0.0001,0.0024,0.0024,0.6175,0.0045,0.6175,0.9951
40386,0.202335,0.007862,-0.7720,0.0025,0.7720,-0.0005,0.0029,0.0029,0.6175,0.0048,0.6175,0.9950
40644,0.201980,0.007862,-0.7712,0.0027,0.7712,-0.0002,0.0017,0.0017,0.6178,0.0064,0.6178,0.9963
40903,0.203132,0.007862,-0.7734,0.0054,0.7734,-0.0022,0.0049,0.0053,0.6173,0.0097,0.6174,1.0067
41168,0.200894,0.007862,-0.7688,0.0090,0.7689,0.0010,0.0100,0.0101,0.6207,0.0148,0.6208,1.0263
41437,0.203807,0.007862,-0.7712,0.0126,0.7713,0.0016,0.0087,0.0089,0.6125,0.0208,0.6128,1.0198
41706,0.201778,0.007862,-0.7715,0.0086,0.7716,-0.0044,0.0054,0.0070,0.6211,0.0147,0.6212,1.0110
41979,0.202694,0.007862,-0.7714,0.0088,0.7715,0.0008,0.0096,0.0097,0.6162,0.0167,0.6165,1.0179
42246,0.202382,0.007862,-0.7715,0.0040,0.7715,-0.0015,0.0032,0.0036,0.6171,0.0064,0.6171,1.0006
42514,0.202194,0.007862,-0.7713,0.0023,0.7713,-0.0003,0.0024,0.0024,0.6168,0.0048,0.6168,0.9929
42779,0.201576,0.007862,-0.7709,0.0025,0.7709,-0.0017,0.0025,0.0031,0.6192,0.0023,0.6192,0.9950
43044,0.202167,0.007862,-0.7714,0.0013,0.7714,-0.0004,0.0017,0.0018,0.6169,0.0025,0.6169,0.9912
43307,0.202317,0.007862,-0.7715,0.0019,0.7715,-0.0008,0.0020,0.0022,0.6166,0.0036,0.6166,0.9937
43564,0.202153,0.007862,-0.7721,0.0019,0.7721,-0.0010,0.0025,0.0027,0.6184,0.0025,0.6184,0.9921
43827,0.202093,0.007862,-0.7718,0.0022,0.7718,-0.0009,0.0026,0.0028,0.6180,0.0049,0.6180,0.9954
44084,0.201866,0.007862,-0.7706,0.0020,0.7706,-0.0007,0.0026,0.0027,0.6171,0.0029,0.6171,0.9943
44344,0.202199,0.007862,-0.7712,0.0017,0.7712,-0.0013,0.0015,0.0020,0.6166,0.0042,0.6166,0.9950
44607,0.201842,0.007862,-0.7714,0.0023,0.7714,-0.0014,0.0021,0.0025,0.6188,0.0050,0.6188,0.9963
44864,0.202083,0.007862,-0.7713,0.0026,0.7713,-0.0014,0.0021,0.0025,0.6177,0.0031,0.6177,0.9950
45128,0.201976,0.007862,-0.7719,0.0017,0.7719,-0.0014,0.0023,0.0027,0.6187,0.0037,0.6187,0.9937
45398,0.201731,0.007862,-0.7709,0.0014,0.7709,-0.0010,0.0024,0.0026,0.6179,0.0021,0.6179,0.9908
45666,0.201957,0.007862,-0.7710,0.0016,0.7710,-0.0002,0.0017,0.0017,0.6174,0.0027,0.6174,0.9927
45931,0.202047,0.007862,-0.7712,0.0021,0.7712,-0.0017,0.0020,0.0026,0.6175,0.0035,0.6175,0.9975
46198,0.201629,0.007862,-0.7706,0.0019,0.7706,-0.0007,0.0022,0.0023,0.6181,0.0022,0.6181,0.9920
46467,0.202338,0.007862,-0.7721,0.0021,0.7721,-0.0013,0.0016,0.0021,0.6178,0.0028,0.6178,0.9927
46736,0.201999,0.007862,-0.7716,0.0017,0.7716,-0.0012,0.0014,0.0018,0.6182,0.0025,0.6182,0.9910
47008,0.201992,0.007862,-0.7715,0.0015,0.7715,-0.0012,0.0012,0.0017,0.6182,0.0030,0.6182,0.9946
47278,0.202032,0.007862,-0.7714,0.0022,0.7714,-0.0011,0.0013,0.0017,0.6180,0.0035,0.6180,0.9945
47548,0.201505,0.007862,-0.7718,0.0024,0.7718,-0.0028,0.0048,0.0056,0.6204,0.0042,0.6204,0.9949
47815,0.201811,0.007862,-0.7713,0.0045,0.7713,0.0008,0.0059,0.0059,0.6190,0.0072,0.6190,1.0038
48074,0.202281,0.007862,-0.7712,0.0059,0.7712,-0.0004,0.0059,0.0060,0.6170,0.0078,0.6171,1.0003
48334,0.201629,0.007862,-0.7706,0.0039,0.7706,-0.0012,0.0092,0.0093,0.6173,0.0052,0.6173,0.9962
48599,0.202025,0.007862,-0.7725,0.0025,0.7725,-0.0003,0.0039,0.0039,0.6197,0.0038,0.6197,0.9960
48863,0.201656,0.007862,-0.7708,0.0015,0.7708,-0.0000,0.0042,0.0042,0.6177,0.0031,0.6177,0.9929
49127,0.201835,0.007862,-0.7712,0.0026,0.7712,-0.0022,0.0061,0.0065,0.6175,0.0046,0.6175,0.9935
49397,0.201977,0.007862,-0.7717,0.0017,0.7717,-0.0010,0.0033,0.0035,0.6184,0.0029,0.6184,0.9953
49664,0.202320,0.007862,-0.7718,0.0021,0.7718,-0.0011,0.0029,0.0031,0.6170,0.0036,0.6170,0.9930
49934,0.201662,0.007862,-0.7707,0.0022,0.7707,-0.0016,0.0024,0.0029,0.6180,0.0032,0.6180,0.9917
50200,0.201967,0.007862,-0.7709,0.0027,0.7709,-0.0008,0.0015,0.0017,0.6176,0.0033,0.6176,0.9937
50468,0.201907,0.007862,-0.7717,0.0015,0.7717,-0.0012,0.0022,0.0025,0.6186,0.0031,0.6186,0.9917
50736,0.201798,0.007862,-0.7710,0.0017,0.7710,-0.0012,0.0021,0.0025,0.6179,0.0024,0.6179,0.9914
50996,0.201710,0.007862,-0.7708,0.0022,0.7708,-0.0015,0.0022,0.0027,0.6182,0.0034,0.6182,0.9928
51262,0.201647,0.007862,-0.7709,0.0014,0.7709,-0.0011,0.0024,0.0026,0.6184,0.0036,0.6184,0.9957
51534,0.202086,0.007862,-0.7708,0.0039,0.7708,-0.0014,0.0019,0.0024,0.6177,0.0048,0.6177,1.0048
51793,0.201894,0.007862,-0.7694,0.0048,0.7694,-0.0015,0.0053,0.0055,0.6150,0.0103,0.6151,1.0014
52056,0.201540,0.007862,-0.7722,0.0068,0.7722,-0.0032,0.0070,0.0077,0.6224,0.0140,0.6226,1.0115
52324,0.201940,0.007862,-0.7707,0.0049,0.7707,0.0001,0.0047,0.0047,0.6175,0.0101,0.6175,1.0047
52587,0.201690,0.007862,-0.7695,0.0036,0.7695,-0.0010,0.0030,0.0032,0.6165,0.0050,0.6165,0.9976
52846,0.201783,0.007862,-0.7709,0.0029,0.7709,-0.0012,0.0065,0.0066,0.6172,0.0067,0.6172,0.9959
53116,0.201744,0.007862,-0.7704,0.0042,0.7704,0.0000,0.0038,0.0038,0.6173,0.0115,0.6174,1.0010
53386,0.201304,0.007862,-0.7712,0.0034,0.7712,-0.0013,0.0020,0.0024,0.6209,0.0099,0.6210,0.9992
53654,0.201921,0.007862,-0.7719,0.0057,0.7719,-0.0012,0.0027,0.0030,0.6207,0.0097,0.6208,1.0062
53914,0.201976,0.007862,-0.7698,0.0063,0.7699,-0.0015,0.0034,0.0037,0.6175,0.0116,0.6176,1.0185
54180,0.202869,0.007862,-0.7700,0.0090,0.7700,-0.0005,0.0069,0.0070,0.6131,0.0156,0.6133,1.0105
54448,0.202108,0.007862,-0.7702,0.0049,0.7702,0.0017,0.0033,0.0037,0.6156,0.0108,0.6157,1.0010
54716,0.201946,0.007862,-0.7722,0.0033,0.7722,0.0007,0.0060,0.0060,0.6190,0.0075,0.6190,0.9984
54986,0.202176,0.007862,-0.7709,0.0034,0.7709,-0.0001,0.0049,0.0049,0.6162,0.0035,0.6163,0.9953
55261,0.202079,0.007862,-0.7727,0.0058,0.7727,-0.0017,0.0040,0.0044,0.6221,0.0142,0.6222,1.0231
55539,0.203473,0.007862,-0.7701,0.0151,0.7703,0.0012,0.0073,0.0074,0.6141,0.0218,0.6145,1.0280
55807,0.202515,0.007862,-0.7723,0.0052,0.7723,0.0007,0.0034,0.0035,0.6182,0.0066,0.6183,0.9992
56078,0.202236,0.007862,-0.7713,0.0034,0.7713,0.0001,0.0042,0.0042,0.6167,0.0073,0.6168,1.0012
56345,0.202212,0.007862,-0.7712,0.0018,0.7712,0.0004,0.0020,0.0021,0.6164,0.0027,0.6165,0.9913
56610,0.202239,0.007862,-0.7717,0.0016,0.7717,0.0003,0.0017,0.0017,0.6174,0.0034,0.6174,0.9946
56878,0.202466,0.007862,-0.7714,0.0045,0.7714,0.0002,0.0032,0.0033,0.6167,0.0076,0.6168,1.0022
57155,0.201869,0.007862,-0.7717,0.0031,0.7717,-0.0003,0.0035,0.0035,0.6193,0.0082,0.6194,1.0035
57414,0.202283,0.007862,-0.7713,0.0024,0.7714,0.0004,0.0019,0.0020,0.6166,0.0046,0.6166,0.9938
57674,0.202266,0.007862,-0.7721,0.0029,0.7721,-0.0003,0.0020,0.0020,0.6184,0.0052,0.6184,0.9967
57934,0.201598,0.007862,-0.7701,0.0025,0.7701,-0.0009,0.0031,0.0032,0.6172,0.0036,0.6172,0.9914
58196,0.202178,0.007862,-0.7717,0.0027,0.7717,0.0004,0.0042,0.0042,0.6173,0.0047,0.6174,0.9962
58466,0.201596,0.007862,-0.7707,0.0029,0.7707,-0.0003,0.0032,0.0032,0.6185,0.0032,0.6185,0.9923
58729,0.201469,0.007862,-0.7705,0.0015,0.7705,-0.0005,0.0030,0.0030,0.6183,0.0031,0.6183,0.9924
58994,0.202249,0.007862,-0.7714,0.0014,0.7714,0.0008,0.0018,0.0020,0.6164,0.0045,0.6164,0.9941
59259,0.201480,0.007862,-0.7709,0.0020,0.7709,-0.0017,0.0015,0.0022,0.6194,0.0031,0.6194,0.9935
59524,0.202349,0.007862,-0.7717,0.0015,0.7717,-0.0002,0.0023,0.0023,0.6166,0.0032,0.6166,0.9932
59787,0.201424,0.007862,-0.7706,0.0018,0.7706,-0.0005,0.0037,0.0037,0.6186,0.0032,0.6187,0.9923
60056,0.201945,0.007862,-0.7717,0.0017,0.7717,0.0007,0.0029,0.0030,0.6183,0.0037,0.6183,0.9935
60317,0.201399,0.007862,-0.7706,0.0017,0.7706,-0.0011,0.0035,0.0037,0.6188,0.0021,0.6188,0.9912
60584,0.201684,0.007862,-0.7707,0.0016,0.7707,-0.0003,0.0024,0.0024,0.6178,0.0020,0.6178,0.9909
60855,0.201499,0.007862,-0.7703,0.0019,0.7703,-0.0001,0.0015,0.0015,0.6183,0.0028,0.6183,0.9922
61122,0.201257,0.007862,-0.7699,0.0013,0.7699,0.0002,0.0018,0.0018,0.6183,0.0026,0.6183,0.9914
61388,0.202041,0.007862,-0.7713,0.0014,0.7713,-0.0008,0.0015,0.0017,0.6174,0.0020,0.6174,0.9912
61656,0.201449,0.007862,-0.7707,0.0017,0.7707,-0.0008,0.0020,0.0021,0.6191,0.0037,0.6192,0.9948
61923,0.201583,0.007862,-0.7705,0.0014,0.7705,-0.0002,0.0020,0.0020,0.6179,0.0024,0.6179,0.9909
62187,0.201892,0.007862,-0.7711,0.0018,0.7711,-0.0008,0.0015,0.0017,0.6178,0.0028,0.6178,0.9914
62454,0.201449,0.007862,-0.7703,0.0015,0.7703,-0.0004,0.0024,0.0024,0.6181,0.0030,0.6181,0.9916
62720,0.201704,0.007862,-0.7708,0.0014,0.7708,0.0000,0.0021,0.0021,0.6179,0.0024,0.6179,0.9918
62989,0.201668,0.007862,-0.7706,0.0016,0.7706,-0.0005,0.0015,0.0016,0.6179,0.0026,0.6179,0.9917
63255,0.201673,0.007862,-0.7710,0.0012,0.7710,-0.0000,0.0018,0.0018,0.6184,0.0024,0.6184,0.9921
63528,0.201649,0.007862,-0.7707,0.0015,0.7707,-0.0008,0.0018,0.0019,0.6180,0.0025,0.6180,0.9909
63795,0.201685,0.007862,-0.7709,0.0012,0.7709,-0.0005,0.0019,0.0020,0.6182,0.0021,0.6182,0.9925
64066,0.201607,0.007862,-0.7707,0.0012,0.7707,-0.0002,0.0015,0.0015,0.6183,0.0023,0.6183,0.9917
64329,0.201931,0.007862,-0.7713,0.0015,0.7713,-0.0002,0.0018,0.0018,0.6180,0.0021,0.6180,0.9915
64596,0.201703,0.007862,-0.7708,0.0014,0.7708,-0.0000,0.0023,0.0023,0.6179,0.0024,0.6179,0.9916
64863,0.201708,0.007862,-0.7707,0.0023,0.7707,0.0005,0.0029,0.0030,0.6179,0.0032,0.6179,0.9926
65128,0.201779,0.007862,-0.7711,0.0016,0.7711,-0.0010,0.0019,0.0022,0.6182,0.0029,0.6182,0.9917
65386,0.201700,0.007862,-0.7706,0.0019,0.7706,-0.0003,0.0027,0.0027,0.6176,0.0027,0.6176,0.9918
65644,0.202152,0.007862,-0.7718,0.0016,0.7718,-0.0006,0.0019,0.0020,0.6178,0.0023,0.6178,0.9915
65909,0.201811,0.007862,-0.7713,0.0019,0.7713,-0.0010,0.0024,0.0026,0.6187,0.0022,0.6187,0.9943
66180,0.201433,0.007862,-0.7711,0.0021,0.7711,-0.0009,0.0020,0.0022,0.6200,0.0033,0.6201,0.9937
66444,0.201852,0.007862,-0.7715,0.0020,0.7715,-0.0002,0.0017,0.0018,0.6188,0.0035,0.6188,0.9947
66706,0.201720,0.007862,-0.7705,0.0022,0.7705,-0.0008,0.0020,0.0022,0.6177,0.0023,0.6177,0.9915
66975,0.201711,0.007862,-0.7710,0.0012,0.7710,-0.0004,0.0019,0.0019,0.6182,0.0029,0.6182,0.9925
67234,0.201660,0.007862,-0.7706,0.0018,0.7706,-0.0006,0.0013,0.0014,0.6181,0.0026,0.6181,0.9912
67498,0.201792,0.007862,-0.7710,0.0014,0.7710,-0.0005,0.0015,0.0016,0.6181,0.0023,0.6181,0.9932
67766,0.201750,0.007862,-0.7712,0.0016,0.7712,-0.0009,0.0019,0.0020,0.6185,0.0027,0.6185,0.9917
68035,0.201811,0.007862,-0.7712,0.0016,0.7712,-0.0011,0.0014,0.0018,0.6183,0.0020,0.6183,0.9915
68313,0.201688,0.007862,-0.7708,0.0014,0.7708,0.0002,0.0015,0.0015,0.6181,0.0027,0.6181,0.9921
68577,0.201496,0.007862,-0.7710,0.0037,0.7710,-0.0015,0.0024,0.0028,0.6203,0.0069,0.6203,1.0011
68847,0.201718,0.007862,-0.7697,0.0042,0.7697,0.0005,0.0048,0.0048,0.6158,0.0093,0.6159,0.9967
69117,0.201815,0.007862,-0.7709,0.0031,0.7709,-0.0000,0.0050,0.0050,0.6175,0.0060,0.6175,0.9956
69384,0.201557,0.007862,-0.7704,0.0020,0.7704,-0.0006,0.0044,0.0044,0.6174,0.0047,0.6174,0.9935
69644,0.201905,0.007862,-0.7710,0.0022,0.7710,-0.0006,0.0038,0.0039,0.6173,0.0035,0.6173,0.9926
69914,0.201353,0.007862,-0.7706,0.0034,0.7706,-0.0014,0.0038,0.0041,0.6195,0.0054,0.6195,0.9957
70178,0.201948,0.007862,-0.7716,0.0047,0.7716,-0.0010,0.0027,0.0029,0.6196,0.0091,0.6197,1.0042
70446,0.201391,0.007862,-0.7695,0.0036,0.7695,-0.0010,0.0017,0.0020,0.6178,0.0062,0.6178,0.9957
70713,0.202707,0.007862,-0.7711,0.0044,0.7712,0.0008,0.0035,0.0036,0.6148,0.0064,0.6148,0.9975
70976,0.202247,0.007862,-0.7717,0.0038,0.7717,0.0005,0.0024,0.0025,0.6178,0.0075,0.6178,0.9979
71234,0.201480,0.007862,-0.7706,0.0024,0.7706,-0.0006,0.0024,0.0025,0.6190,0.0024,0.6190,0.9921
71494,0.202414,0.007862,-0.7722,0.0024,0.7722,0.0002,0.0029,0.0029,0.6173,0.0042,0.6173,0.9925
71753,0.203101,0.007862,-0.7706,0.0097,0.7707,0.0007,0.0035,0.0036,0.6141,0.0130,0.6142,1.0031
72021,0.202519,0.007862,-0.7731,0.0096,0.7731,0.0002,0.0075,0.0075,0.6212,0.0172,0.6215,1.0211
72286,0.202527,0.007862,-0.7714,0.0040,0.7714,-0.0008,0.0028,0.0029,0.6160,0.0068,0.6161,0.9962
72544,0.202785,0.007862,-0.7728,0.0030,0.7728,0.0004,0.0027,0.0027,0.6173,0.0037,0.6173,0.9955
72802,0.201998,0.007862,-0.7710,0.0017,0.7710,-0.0000,0.0027,0.0027,0.6169,0.0029,0.6170,0.9919
73064,0.203502,0.007862,-0.7720,0.0082,0.7721,0.0009,0.0061,0.0062,0.6134,0.0156,0.6136,1.0054
73327,0.201351,0.007862,-0.7714,0.0050,0.7714,-0.0014,0.0058,0.0059,0.6216,0.0079,0.6217,1.0052
73596,0.202420,0.007862,-0.7728,0.0036,0.7728,-0.0008,0.0060,0.0061,0.6184,0.0072,0.6185,1.0015
73874,0.201853,0.007862,-0.7699,0.0046,0.7699,0.0020,0.0050,0.0054,0.6156,0.0090,0.6156,0.9961
74140,0.202083,0.007862,-0.7717,0.0043,0.7717,0.0006,0.0035,0.0036,0.6190,0.0040,0.6190,1.0001
74410,0.202315,0.007862,-0.7709,0.0048,0.7710,0.0005,0.0032,0.0032,0.6158,0.0142,0.6160,1.0011
74678,0.202078,0.007862,-0.7704,0.0071,0.7705,-0.0015,0.0036,0.0039,0.6178,0.0133,0.6179,1.0121
74933,0.202026,0.007862,-0.7702,0.0033,0.7703,0.0018,0.0074,0.0077,0.6145,0.0110,0.6146,1.0023
75194,0.201989,0.007862,-0.7722,0.0068,0.7723,-0.0020,0.0055,0.0059,0.6211,0.0095,0.6212,1.0078
75465,0.201469,0.007862,-0.7705,0.0027,0.7705,-0.0005,0.0023,0.0024,0.6185,0.0086,0.6186,0.9965
75733,0.201977,0.007862,-0.7707,0.0026,0.7707,-0.0005,0.0014,0.0015,0.6169,0.0052,0.6169,0.9933
75998,0.202145,0.007862,-0.7716,0.0021,0.7716,-0.0008,0.0013,0.0016,0.6176,0.0043,0.6176,0.9925
76268,0.201853,0.007862,-0.7709,0.0018,0.7709,-0.0010,0.0016,0.0019,0.6177,0.0030,0.6177,0.9918
76539,0.201997,0.007862,-0.7714,0.0013,0.7714,-0.0008,0.0023,0.0025,0.6175,0.0034,0.6175,0.9918
76810,0.202185,0.007862,-0.7715,0.0020,0.7715,-0.0005,0.0021,0.0022,0.6174,0.0033,0.6174,0.9943
77078,0.201777,0.007862,-0.7711,0.0023,0.7711,-0.0005,0.0021,0.0022,0.6187,0.0032,0.6187,0.9961
77348,0.201945,0.007862,-0.7713,0.0014,0.7713,0.0000,0.0016,0.0016,0.6179,0.0033,0.6179,0.9929
77611,0.202137,0.007862,-0.7719,0.0011,0.7719,-0.0010,0.0018,0.0021,0.6180,0.0027,0.6180,0.9940
77878,0.201995,0.007862,-0.7714,0.0015,0.7714,-0.0001,0.0021,0.0021,0.6178,0.0023,0.6178,0.9934
78149,0.202441,0.007862,-0.7718,0.0015,0.7718,-0.0004,0.0015,0.0015,0.6166,0.0022,0.6166,0.9909
78419,0.201647,0.007862,-0.7709,0.0012,0.7709,-0.0010,0.0017,0.0020,0.6184,0.0018,0.6184,0.9928
78685,0.201910,0.007862,-0.7710,0.0015,0.7710,-0.0003,0.0010,0.0010,0.6176,0.0026,0.6176,0.9915
78954,0.202204,0.007862,-0.7716,0.0016,0.7716,-0.0006,0.0018,0.0019,0.6173,0.0024,0.6173,0.9921
79220,0.201796,0.007862,-0.7710,0.0018,0.7710,-0.0006,0.0018,0.0019,0.6183,0.0025,0.6183,0.9951
79489,0.201920,0.007862,-0.7710,0.0018,0.7710,-0.0004,0.0014,0.0015,0.6177,0.0024,0.6177,0.9925
79768,0.202136,0.007862,-0.7718,0.0015,0.7718,-0.0001,0.0015,0.0015,0.6182,0.0024,0.6182,0.9948
80036,0.201803,0.007862,-0.7710,0.0020,0.7710,-0.0010,0.0015,0.0018,0.6184,0.0028,0.6184,0.9941
80309,0.202023,0.007862,-0.7716,0.0016,0.7716,-0.0010,0.0017,0.0020,0.6181,0.0025,0.6181,0.9918
80579,0.201672,0.007862,-0.7707,0.0014,0.7707,-0.0010,0.0016,0.0019,0.6179,0.0020,0.6179,0.9901
80848,0.201789,0.007862,-0.7708,0.0018,0.7708,-0.0010,0.0012,0.0015,0.6179,0.0019,0.6179,0.9908
81114,0.201787,0.007862,-0.7714,0.0014,0.7714,-0.0003,0.0016,0.0016,0.6188,0.0024,0.6188,0.9916
81374,0.201743,0.007862,-0.7712,0.0020,0.7712,-0.0018,0.0018,0.0025,0.6187,0.0028,0.6187,0.9924
81637,0.201967,0.007862,-0.7710,0.0017,0.7710,-0.0003,0.0024,0.0024,0.6173,0.0023,0.6173,0.9918
81906,0.201697,0.007862,-0.7707,0.0016,0.7707,-0.0007,0.0019,0.0020,0.6180,0.0026,0.6180,0.9930
82174,0.201847,0.007862,-0.7714,0.0014,0.7714,-0.0007,0.0012,0.0014,0.6186,0.0027,0.6186,0.9925
82447,0.201873,0.007862,-0.7714,0.0014,0.7714,-0.0010,0.0012,0.0016,0.6186,0.0023,0.6186,0.9937
82714,0.202012,0.007862,-0.7717,0.0017,0.7717,-0.0012,0.0015,0.0019,0.6185,0.0020,0.6185,0.9922
82977,0.201479,0.007862,-0.7706,0.0016,0.7706,-0.0012,0.0017,0.0020,0.6188,0.0020,0.6188,0.9912
83244,0.201670,0.007862,-0.7711,0.0012,0.7711,-0.0010,0.0017,0.0020,0.6186,0.0024,0.6186,0.9923
83508,0.201933,0.007862,-0.7715,0.0015,0.7715,-0.0009,0.0019,0.0021,0.6183,0.0023,0.6183,0.9915
83778,0.201718,0.007862,-0.7709,0.0014,0.7709,-0.0015,0.0013,0.0020,0.6181,0.0028,0.6181,0.9915
84049,0.201768,0.007862,-0.7709,0.0016,0.7709,-0.0008,0.0020,0.0021,0.6179,0.0034,0.6179,0.9918
84314,0.201947,0.007862,-0.7714,0.0016,0.7714,-0.0005,0.0015,0.0016,0.6181,0.0030,0.6181,0.9926
84576,0.201498,0.007862,-0.7708,0.0016,0.7708,-0.0011,0.0016,0.0020,0.6190,0.0023,0.6190,0.9923
84840,0.201870,0.007862,-0.7711,0.0017,0.7711,-0.0005,0.0020,0.0020,0.6180,0.0015,0.6180,0.9905
85119,0.201825,0.007862,-0.7711,0.0013,0.7711,-0.0013,0.0016,0.0021,0.6180,0.0027,0.6180,0.9929
85395,0.201690,0.007862,-0.7707,0.0016,0.7707,-0.0008,0.0020,0.0021,0.6180,0.0029,0.6180,0.9932
85654,0.202060,0.007862,-0.7712,0.0015,0.7712,-0.0011,0.0014,0.0018,0.6171,0.0025,0.6171,0.9911
85914,0.201873,0.007862,-0.7713,0.0015,0.7713,-0.0010,0.0014,0.0017,0.6182,0.0028,0.6182,0.9915
86176,0.202118,0.007862,-0.7714,0.0017,0.7714,-0.0008,0.0016,0.0018,0.6174,0.0031,0.6174,0.9928
86444,0.201540,0.007862,-0.7705,0.0017,0.7705,-0.0011,0.0023,0.0025,0.6181,0.0032,0.6181,0.9928
86714,0.202096,0.007862,-0.7714,0.0012,0.7714,-0.0011,0.0018,0.0021,0.6173,0.0017,0.6173,0.9912
86979,0.201859,0.007862,-0.7713,0.0018,0.7713,-0.0011,0.0012,0.0017,0.6184,0.0029,0.6184,0.9934
87248,0.201594,0.007862,-0.7708,0.0014,0.7708,-0.0007,0.0021,0.0023,0.6186,0.0018,0.6186,0.9918
87506,0.201973,0.007862,-0.7714,0.0015,0.7714,-0.0004,0.0015,0.0016,0.6180,0.0023,0.6180,0.9920
87773,0.201884,0.007862,-0.7714,0.0015,0.7714,-0.0007,0.0013,0.0015,0.6184,0.0033,0.6184,0.9943
88035,0.201936,0.007862,-0.7716,0.0015,0.7716,-0.0006,0.0016,0.0018,0.6185,0.0030,0.6186,0.9931
88296,0.201931,0.007862,-0.7714,0.0018,0.7714,-0.0007,0.0017,0.0018,0.6184,0.0029,0.6184,0.9944
88565,0.201416,0.007862,-0.7709,0.0012,0.7709,-0.0009,0.0022,0.0024,0.6193,0.0029,0.6193,0.9931
88843,0.201950,0.007862,-0.7712,0.0020,0.7712,-0.0013,0.0014,0.0019,0.6178,0.0028,0.6178,0.9917
89109,0.201860,0.007862,-0.7711,0.0017,0.7711,-0.0007,0.0019,0.0020,0.6180,0.0022,0.6180,0.9913
89379,0.201693,0.007862,-0.7707,0.0019,0.7707,-0.0013,0.0015,0.0020,0.6181,0.0021,0.6181,0.9919
89649,0.201442,0.007862,-0.7709,0.0015,0.7709,-0.0009,0.0017,0.0019,0.6194,0.0023,0.6194,0.9915
89920,0.201544,0.007862,-0.7716,0.0011,0.7716,-0.0010,0.0013,0.0016,0.6201,0.0023,0.6201,0.9922
90191,0.201803,0.007862,-0.7713,0.0013,0.7713,-0.0014,0.0016,0.0022,0.6184,0.0020,0.6185,0.9917
90467,0.201406,0.007862,-0.7704,0.0014,0.7704,-0.0013,0.0017,0.0021,0.6185,0.0022,0.6185,0.9908
90735,0.201671,0.007862,-0.7709,0.0016,0.7709,-0.0009,0.0016,0.0018,0.6185,0.0025,0.6185,0.9934
91004,0.201730,0.007862,-0.7710,0.0018,0.7710,-0.0008,0.0015,0.0017,0.6184,0.0021,0.6184,0.9904
91269,0.201791,0.007862,-0.7714,0.0020,0.7714,-0.0005,0.0026,0.0026,0.6189,0.0028,0.6189,0.9934
91539,0.201459,0.007862,-0.7710,0.0019,0.7710,-0.0008,0.0021,0.0023,0.6196,0.0033,0.6196,0.9945
91804,0.201813,0.007862,-0.7708,0.0019,0.7708,-0.0004,0.0025,0.0025,0.6175,0.0024,0.6175,0.9913
92065,0.201471,0.007862,-0.7708,0.0014,0.7708,-0.0010,0.0023,0.0026,0.6189,0.0023,0.6189,0.9916
92325,0.201653,0.007862,-0.7706,0.0018,0.7706,-0.0007,0.0017,0.0019,0.6181,0.0023,0.6181,0.9913
92600,0.201471,0.007862,-0.7707,0.0017,0.7707,-0.0009,0.0018,0.0020,0.6190,0.0025,0.6190,0.9912
92868,0.201519,0.007862,-0.7708,0.0018,0.7708,-0.0010,0.0015,0.0018,0.6192,0.0021,0.6192,0.9932
93139,0.201596,0.007862,-0.7709,0.0018,0.7709,-0.0010,0.0019,0.0022,0.6189,0.0022,0.6189,0.9943
93409,0.202164,0.007862,-0.7719,0.0015,0.7719,-0.0003,0.0014,0.0015,0.6180,0.0028,0.6180,0.9922
93681,0.201606,0.007862,-0.7709,0.0014,0.7709,-0.0015,0.0014,0.0020,0.6187,0.0020,0.6187,0.9918
93942,0.201724,0.007862,-0.7711,0.0013,0.7711,-0.0015,0.0015,0.0022,0.6185,0.0025,0.6185,0.9932
94205,0.201755,0.007862,-0.7712,0.0016,0.7712,-0.0014,0.0021,0.0025,0.6185,0.0029,0.6185,0.9927
94462,0.201591,0.007862,-0.7708,0.0017,0.7709,-0.0012,0.0013,0.0018,0.6189,0.0024,0.6189,0.9934
94731,0.201717,0.007862,-0.7708,0.0016,0.7708,-0.0006,0.0017,0.0019,0.6180,0.0026,0.6180,0.9927
95000,0.201854,0.007862,-0.7713,0.0031,0.7713,-0.0008,0.0022,0.0023,0.6190,0.0028,0.6190,0.9935
95269,0.202296,0.007862,-0.7714,0.0026,0.7714,-0.0004,0.0027,0.0027,0.6167,0.0031,0.6167,0.9918
95536,0.201585,0.007862,-0.7708,0.0021,0.7708,-0.0009,0.0019,0.0021,0.6189,0.0026,0.6189,0.9943
95797,0.201574,0.007862,-0.7706,0.0016,0.7706,-0.0012,0.0021,0.0024,0.6183,0.0032,0.6183,0.9926
96066,0.202036,0.007862,-0.7712,0.0022,0.7712,-0.0004,0.0016,0.0017,0.6177,0.0036,0.6177,0.9943
96336,0.201508,0.007862,-0.7706,0.0020,0.7706,-0.0008,0.0025,0.0026,0.6187,0.0033,0.6187,0.9935
96607,0.201886,0.007862,-0.7713,0.0020,0.7713,-0.0012,0.0025,0.0028,0.6180,0.0038,0.6180,0.9919
96865,0.202024,0.007862,-0.7725,0.0035,0.7725,-0.0001,0.0035,0.0035,0.6208,0.0048,0.6208,1.0046
97130,0.202237,0.007862,-0.7707,0.0036,0.7707,-0.0011,0.0076,0.0077,0.6149,0.0064,0.6149,0.9952
97400,0.201939,0.007862,-0.7724,0.0041,0.7724,-0.0007,0.0092,0.0092,0.6194,0.0098,0.6195,1.0064
97667,0.202828,0.007862,-0.7716,0.0042,0.7716,-0.0015,0.0069,0.0071,0.6145,0.0062,0.6145,1.0000
97937,0.201777,0.007862,-0.7712,0.0044,0.7712,-0.0028,0.0070,0.0075,0.6183,0.0111,0.6184,1.0038
98203,0.202772,0.007862,-0.7730,0.0049,0.7730,0.0027,0.0064,0.0070,0.6173,0.0074,0.6173,1.0012
98467,0.201735,0.007862,-0.7709,0.0040,0.7709,-0.0015,0.0058,0.0060,0.6183,0.0058,0.6183,0.9970
98725,0.202096,0.007862,-0.7718,0.0021,0.7718,-0.0018,0.0054,0.0057,0.6175,0.0031,0.6176,0.9916
98995,0.201888,0.007862,-0.7716,0.0019,0.7716,-0.0006,0.0038,0.0039,0.6185,0.0025,0.6185,0.9938
99266,0.202061,0.007862,-0.7717,0.0024,0.7717,0.0003,0.0038,0.0038,0.6180,0.0035,0.6181,0.9945
99526,0.201940,0.007862,-0.7713,0.0014,0.7713,-0.0010,0.0021,0.0023,0.6178,0.0027,0.6178,0.9907
99796,0.201511,0.007862,-0.7706,0.0021,0.7706,-0.0011,0.0024,0.0027,0.6186,0.0028,0.6186,0.9920
100073,0.201950,0.007862,-0.7713,0.0016,0.7713,-0.0005,0.0018,0.0019,0.6178,0.0036,0.6178,0.9924
100347,0.201715,0.007862,-0.7705,0.0018,0.7705,-0.0011,0.0025,0.0028,0.6174,0.0030,0.6174,0.9928
100603,0.202137,0.007862,-0.7712,0.0024,0.7712,-0.0010,0.0021,0.0023,0.6172,0.0031,0.6172,0.9942
100868,0.202053,0.007862,-0.7721,0.0041,0.7721,-0.0006,0.0034,0.0034,0.6197,0.0074,0.6198,1.0044
101141,0.202068,0.007862,-0.7714,0.0027,0.7714,-0.0004,0.0032,0.0032,0.6177,0.0050,0.6178,0.9968
101403,0.202131,0.007862,-0.7712,0.0023,0.7712,-0.0012,0.0038,0.0039,0.6167,0.0042,0.6167,0.9948
101667,0.202498,0.007862,-0.7717,0.0040,0.7717,0.0004,0.0028,0.0029,0.6166,0.0056,0.6166,0.9938
101924,0.203010,0.007862,-0.7728,0.0033,0.7728,-0.0003,0.0032,0.0032,0.6162,0.0048,0.6162,0.9965
102188,0.202607,0.007862,-0.7721,0.0026,0.7721,0.0005,0.0012,0.0013,0.6168,0.0040,0.6168,0.9953
102455,0.203350,0.007862,-0.7733,0.0027,0.7733,0.0011,0.0022,0.0025,0.6154,0.0057,0.6154,0.9974
102722,0.203780,0.007862,-0.7746,0.0036,0.7746,0.0026,0.0020,0.0033,0.6157,0.0074,0.6157,0.9991
102985,0.202893,0.007862,-0.7717,0.0028,0.7717,-0.0005,0.0031,0.0031,0.6143,0.0065,0.6143,0.9968
103249,0.203694,0.007862,-0.7733,0.0031,0.7733,0.0008,0.0046,0.0046,0.6134,0.0047,0.6134,0.9946
103515,0.201388,0.007862,-0.7707,0.0024,0.7707,0.0013,0.0039,0.0041,0.6188,0.0067,0.6189,0.9976
103777,0.203709,0.007862,-0.7742,0.0017,0.7742,0.0006,0.0031,0.0031,0.6149,0.0030,0.6149,0.9942
104045,0.201690,0.007862,-0.7708,0.0021,0.7708,-0.0006,0.0021,0.0022,0.6182,0.0040,0.6182,0.9931
104309,0.203307,0.007862,-0.7735,0.0021,0.7735,0.0009,0.0026,0.0027,0.6156,0.0046,0.6156,0.9956
104577,0.202445,0.007862,-0.7719,0.0017,0.7719,0.0004,0.0021,0.0021,0.6165,0.0029,0.6165,0.9912
104832,0.202649,0.007862,-0.7725,0.0016,0.7725,0.0005,0.0021,0.0022,0.6169,0.0019,0.6169,0.9910
105094,0.202217,0.007862,-0.7713,0.0021,0.7713,0.0007,0.0023,0.0024,0.6166,0.0025,0.6166,0.9911
105372,0.203093,0.007862,-0.7732,0.0019,0.7732,0.0004,0.0016,0.0017,0.6163,0.0031,0.6163,0.9937
105638,0.202527,0.007862,-0.7718,0.0011,0.7718,0.0002,0.0012,0.0012,0.6161,0.0023,0.6161,0.9910
105904,0.202194,0.007862,-0.7722,0.0012,0.7722,0.0007,0.0015,0.0017,0.6181,0.0025,0.6181,0.9921
106162,0.202391,0.007862,-0.7718,0.0017,0.7718,0.0004,0.0025,0.0025,0.6166,0.0027,0.6166,0.9926
106424,0.203142,0.007862,-0.7729,0.0022,0.7729,0.0007,0.0026,0.0027,0.6154,0.0044,0.6154,0.9964
106683,0.202004,0.007862,-0.7719,0.0017,0.7719,-0.0000,0.0024,0.0024,0.6187,0.0027,0.6187,0.9927
106947,0.202872,0.007862,-0.7724,0.0021,0.7724,0.0007,0.0020,0.0021,0.6158,0.0023,0.6158,0.9928
107218,0.202433,0.007862,-0.7722,0.0014,0.7722,-0.0001,0.0023,0.0023,0.6171,0.0030,0.6171,0.9925
107486,0.201200,0.007862,-0.7710,0.0033,0.7710,-0.0020,0.0039,0.0044,0.6212,0.0041,0.6212,0.9991
107758,0.203068,0.007862,-0.7722,0.0024,0.7722,0.0015,0.0048,0.0050,0.6135,0.0080,0.6135,0.9964
108026,0.201189,0.007862,-0.7702,0.0022,0.7702,-0.0007,0.0024,0.0025,0.6196,0.0032,0.6196,0.9948
108296,0.201688,0.007862,-0.7709,0.0022,0.7709,-0.0011,0.0016,0.0019,0.6185,0.0033,0.6185,0.9916
108567,0.201961,0.007862,-0.7713,0.0017,0.7713,-0.0000,0.0015,0.0015,0.6179,0.0036,0.6179,0.9937
108825,0.201247,0.007862,-0.7705,0.0019,0.7705,-0.0008,0.0016,0.0018,0.6197,0.0024,0.6197,0.9917
109096,0.202010,0.007862,-0.7712,0.0017,0.7712,-0.0004,0.0016,0.0017,0.6174,0.0035,0.6174,0.9942
109364,0.201700,0.007862,-0.7708,0.0012,0.7708,-0.0011,0.0017,0.0020,0.6178,0.0029,0.6178,0.9909
109626,0.202309,0.007862,-0.7710,0.0019,0.7710,-0.0000,0.0014,0.0014,0.6158,0.0037,0.6158,0.9939
109898,0.201647,0.007862,-0.7710,0.0027,0.7710,-0.0009,0.0020,0.0022,0.6193,0.0024,0.6193,0.9947
110166,0.201657,0.007862,-0.7705,0.0020,0.7705,-0.0004,0.0037,0.0037,0.6174,0.0047,0.6174,0.9930
110433,0.201351,0.007862,-0.7705,0.0026,0.7705,-0.0004,0.0023,0.0024,0.6195,0.0035,0.6195,0.9957
110707,0.201179,0.007862,-0.7704,0.0016,0.7704,-0.0018,0.0027,0.0032,0.6195,0.0032,0.6195,0.9927
110981,0.201914,0.007862,-0.7712,0.0018,0.7712,-0.0006,0.0022,0.0023,0.6178,0.0030,0.6178,0.9931
111240,0.201848,0.007862,-0.7716,0.0027,0.7716,0.0001,0.0019,0.0019,0.6197,0.0021,0.6197,0.9964
111509,0.203158,0.007862,-0.7720,0.0074,0.7720,-0.0016,0.0030,0.0034,0.6155,0.0098,0.6156,0.9997
111775,0.204090,0.007862,-0.7765,0.0054,0.7766,-0.0007,0.0032,0.0033,0.6192,0.0087,0.6193,1.0058
112044,0.206912,0.007862,-0.7738,0.0200,0.7741,0.0057,0.0081,0.0099,0.6074,0.0469,0.6093,1.0581
112307,0.207113,0.007862,-0.7725,0.0200,0.7727,0.0037,0.0195,0.0198,0.6021,0.0383,0.6034,1.0482
112564,0.207211,0.007862,-0.7801,0.0147,0.7802,0.0036,0.0172,0.0176,0.6130,0.0340,0.6139,1.0405
112839,0.206045,0.007862,-0.7754,0.0114,0.7755,0.0043,0.0162,0.0167,0.6073,0.0242,0.6078,1.0215
113106,0.207202,0.007862,-0.7811,0.0064,0.7812,0.0005,0.0110,0.0110,0.6117,0.0160,0.6120,1.0100
113376,0.205030,0.007862,-0.7748,0.0043,0.7748,0.0062,0.0114,0.0129,0.6081,0.0123,0.6082,1.0038
113645,0.207983,0.007862,-0.7800,0.0039,0.7800,0.0040,0.0079,0.0088,0.6055,0.0090,0.6056,1.0024
113909,0.205060,0.007862,-0.7749,0.0076,0.7750,0.0057,0.0070,0.0090,0.6108,0.0113,0.6109,1.0050
114178,0.207216,0.007862,-0.7794,0.0057,0.7794,0.0046,0.0055,0.0072,0.6089,0.0099,0.6090,1.0032
114435,0.206183,0.007862,-0.7764,0.0032,0.7764,0.0039,0.0038,0.0054,0.6071,0.0094,0.6072,0.9982
114729,0.206659,0.007862,-0.7785,0.0031,0.7785,0.0035,0.0043,0.0056,0.6091,0.0079,0.6091,0.9998
114993,0.208705,0.007862,-0.7805,0.0139,0.7806,0.0040,0.0112,0.0119,0.6061,0.0157,0.6063,0.9970
115257,0.205159,0.007862,-0.7754,0.0093,0.7755,0.0090,0.0131,0.0159,0.6097,0.0142,0.6099,0.9986
115515,0.203813,0.007862,-0.7754,0.0022,0.7754,-0.0070,0.0128,0.0146,0.6145,0.0063,0.6145,0.9955
115773,0.206512,0.007862,-0.7778,0.0036,0.7778,0.0085,0.0058,0.0103,0.6072,0.0041,0.6072,0.9940
116037,0.204505,0.007862,-0.7753,0.0037,0.7753,0.0008,0.0056,0.0056,0.6137,0.0028,0.6137,0.9949
116305,0.203758,0.007862,-0.7739,0.0015,0.7739,0.0043,0.0053,0.0068,0.6126,0.0046,0.6126,0.9920
116571,0.207088,0.007862,-0.7792,0.0048,0.7792,0.0032,0.0072,0.0079,0.6086,0.0058,0.6086,0.9940
116838,0.205549,0.007862,-0.7764,0.0062,0.7764,0.0031,0.0063,0.0070,0.6116,0.0052,0.6116,0.9980
117107,0.203388,0.007862,-0.7736,0.0020,0.7736,0.0039,0.0070,0.0080,0.6140,0.0033,0.6140,0.9934
117378,0.205169,0.007862,-0.7755,0.0042,0.7755,0.0034,0.0055,0.0065,0.6109,0.0056,0.6109,0.9987
117645,0.204542,0.007862,-0.7754,0.0029,0.7755,0.0053,0.0046,0.0070,0.6125,0.0040,0.6125,0.9928
117912,0.203514,0.007862,-0.7732,0.0024,0.7732,0.0030,0.0047,0.0056,0.6133,0.0045,0.6133,0.9936
118179,0.204072,0.007862,-0.7746,0.0021,0.7746,0.0056,0.0041,0.0069,0.6129,0.0021,0.6129,0.9918
118455,0.205059,0.007862,-0.7756,0.0016,0.7756,0.0043,0.0030,0.0053,0.6104,0.0028,0.6104,0.9918
118719,0.203783,0.007862,-0.7743,0.0014,0.7743,0.0037,0.0026,0.0045,0.6140,0.0027,0.6140,0.9938
118986,0.204528,0.007862,-0.7754,0.0026,0.7754,0.0061,0.0028,0.0067,0.6123,0.0030,0.6123,0.9928
119256,0.203611,0.007862,-0.7736,0.0030,0.7736,0.0036,0.0036,0.0050,0.6143,0.0016,0.6143,0.9926
119525,0.203065,0.007862,-0.7729,0.0029,0.7729,0.0056,0.0023,0.0060,0.6148,0.0028,0.6148,0.9930
119788,0.204592,0.007862,-0.7755,0.0032,0.7756,0.0070,0.0132,0.0149,0.6108,0.0041,0.6109,0.9924
120055,0.200015,0.007862,-0.7691,0.0052,0.7691,0.0035,0.0128,0.0132,0.6213,0.0067,0.6213,0.9944
120324,0.202563,0.007862,-0.7726,0.0075,0.7726,0.0061,0.0205,0.0214,0.6144,0.0160,0.6146,0.9988
120604,0.203206,0.007862,-0.7736,0.0031,0.7736,0.0089,0.0111,0.0142,0.6133,0.0042,0.6134,0.9918
120865,0.202981,0.007862,-0.7731,0.0040,0.7731,0.0006,0.0079,0.0080,0.6154,0.0103,0.6155,0.9963
121134,0.203127,0.007862,-0.7730,0.0035,0.7730,0.0086,0.0085,0.0122,0.6130,0.0056,0.6130,0.9904
121394,0.202082,0.007862,-0.7723,0.0018,0.7723,0.0067,0.0054,0.0086,0.6171,0.0026,0.6171,0.9920
121655,0.202793,0.007862,-0.7730,0.0017,0.7730,0.0082,0.0036,0.0089,0.6146,0.0025,0.6146,0.9902
121926,0.201502,0.007862,-0.7712,0.0014,0.7712,0.0028,0.0026,0.0038,0.6191,0.0019,0.6191,0.9924
122204,0.202279,0.007862,-0.7720,0.0022,0.7720,0.0039,0.0050,0.0063,0.6165,0.0034,0.6165,0.9931
122469,0.202010,0.007862,-0.7715,0.0026,0.7715,0.0027,0.0027,0.0038,0.6175,0.0044,0.6175,0.9924
122738,0.201699,0.007862,-0.7713,0.0037,0.7713,0.0058,0.0127,0.0140,0.6165,0.0063,0.6165,0.9930
122995,0.203618,0.007862,-0.7747,0.0133,0.7748,-0.0056,0.0364,0.0369,0.6140,0.0246,0.6145,1.0085
123270,0.205352,0.007862,-0.7768,0.0056,0.7768,0.0130,0.0241,0.0273,0.6078,0.0084,0.6079,0.9977
123539,0.202024,0.007862,-0.7718,0.0028,0.7718,-0.0025,0.0154,0.0156,0.6157,0.0067,0.6157,0.9937
123809,0.208871,0.007862,-0.7808,0.0181,0.7810,0.0070,0.0147,0.0163,0.6065,0.0262,0.6071,1.0114
124083,0.202807,0.007862,-0.7720,0.0060,0.7720,0.0037,0.0108,0.0115,0.6144,0.0078,0.6144,0.9948
124349,0.205794,0.007862,-0.7771,0.0027,0.7771,0.0020,0.0086,0.0088,0.6098,0.0037,0.6098,0.9920
124614,0.204912,0.007862,-0.7757,0.0020,0.7757,0.0042,0.0064,0.0077,0.6109,0.0028,0.6110,0.9906
124874,0.205438,0.007862,-0.7765,0.0024,0.7765,0.0035,0.0051,0.0061,0.6106,0.0028,0.6106,0.9916
125138,0.204849,0.007862,-0.7755,0.0016,0.7755,0.0031,0.0031,0.0044,0.6117,0.0024,0.6117,0.9929
125408,0.205084,0.007862,-0.7757,0.0019,0.7757,0.0037,0.0031,0.0049,0.6108,0.0025,0.6108,0.9917
923,0.207552,0.007862,-0.7764,0.0051,0.7764,0.0048,0.0066,0.0082,0.6089,0.0077,0.6089,0.9932
1183,0.206906,0.007862,-0.7758,0.0039,0.7758,0.0018,0.0060,0.0063,0.6109,0.0060,0.6110,0.9919
1448,0.207873,0.007862,-0.7770,0.0029,0.7770,0.0040,0.0055,0.0068,0.6083,0.0052,0.6083,0.9910
1700,0.206474,0.007862,-0.7756,0.0037,0.7756,0.0034,0.0028,0.0044,0.6128,0.0036,0.6129,0.9930
1962,0.207680,0.007862,-0.7766,0.0023,0.7766,0.0046,0.0032,0.0056,0.6083,0.0048,0.6083,0.9930
2218,0.206660,0.007862,-0.7756,0.0022,0.7756,0.0034,0.0034,0.0048,0.6114,0.0031,0.6114,0.9925
2481,0.206406,0.007862,-0.7754,0.0020,0.7754,0.0035,0.0021,0.0041,0.6121,0.0036,0.6121,0.9938
2739,0.207471,0.007862,-0.7769,0.0051,0.7770,0.0037,0.0021,0.0042,0.6111,0.0066,0.6111,0.9929
2999,0.206630,0.007862,-0.7752,0.0025,0.7752,0.0023,0.0041,0.0047,0.6110,0.0055,0.6110,0.9966
3263,0.206831,0.007862,-0.7757,0.0027,0.7757,0.0034,0.0036,0.0050,0.6109,0.0045,0.6109,0.9920
3530,0.206782,0.007862,-0.7760,0.0023,0.7760,0.0024,0.0042,0.0048,0.6117,0.0042,0.6117,0.9939
3791,0.206433,0.007862,-0.7756,0.0022,0.7756,0.0035,0.0032,0.0047,0.6124,0.0037,0.6124,0.9946
4066,0.206785,0.007862,-0.7760,0.0030,0.7760,0.0025,0.0027,0.0037,0.6120,0.0059,0.6120,0.9982
4334,0.206779,0.007862,-0.7756,0.0024,0.7756,0.0041,0.0017,0.0044,0.6109,0.0035,0.6109,0.9969
4604,0.206506,0.007862,-0.7750,0.0018,0.7750,0.0033,0.0037,0.0050,0.6108,0.0032,0.6108,0.9907
4883,0.206802,0.007862,-0.7760,0.0017,0.7760,0.0034,0.0022,0.0041,0.6115,0.0028,0.6115,0.9935
5153,0.206792,0.007862,-0.7753,0.0015,0.7753,0.0028,0.0021,0.0035,0.6104,0.0027,0.6104,0.9903
5421,0.207544,0.007862,-0.7763,0.0032,0.7763,0.0031,0.0017,0.0036,0.6095,0.0040,0.6095,0.9969
5690,0.207083,0.007862,-0.7763,0.0014,0.7763,0.0038,0.0021,0.0043,0.6104,0.0033,0.6104,0.9926
5950,0.206899,0.007862,-0.7761,0.0020,0.7761,0.0032,0.0013,0.0035,0.6113,0.0039,0.6114,0.9946
6208,0.207221,0.007862,-0.7763,0.0015,0.7763,0.0038,0.0013,0.0040,0.6101,0.0015,0.6101,0.9908
6469,0.207091,0.007862,-0.7768,0.0024,0.7768,0.0037,0.0019,0.0042,0.6118,0.0034,0.6118,0.9941
6735,0.207024,0.007862,-0.7758,0.0018,0.7758,0.0035,0.0017,0.0039,0.6103,0.0022,0.6103,0.9915
7001,0.207134,0.007862,-0.7763,0.0014,0.7763,0.0029,0.0015,0.0033,0.6106,0.0026,0.6106,0.9920
7264,0.207016,0.007862,-0.7760,0.0013,0.7760,0.0034,0.0011,0.0036,0.6105,0.0022,0.6105,0.9914
7531,0.207055,0.007862,-0.7769,0.0021,0.7769,0.0036,0.0015,0.0039,0.6119,0.0038,0.6120,0.9943
7801,0.207230,0.007862,-0.7764,0.0016,0.7764,0.0041,0.0014,0.0043,0.6101,0.0028,0.6101,0.9924
8069,0.207037,0.007862,-0.7762,0.0016,0.7762,0.0036,0.0016,0.0039,0.6106,0.0036,0.6106,0.9933
8333,0.207122,0.007862,-0.7760,0.0015,0.7760,0.0035,0.0020,0.0040,0.6100,0.0027,0.6100,0.9914
8599,0.207045,0.007862,-0.7762,0.0013,0.7762,0.0031,0.0018,0.0036,0.6107,0.0021,0.6107,0.9908
8859,0.207144,0.007862,-0.7762,0.0020,0.7762,0.0037,0.0016,0.0040,0.6104,0.0025,0.6104,0.9922
9120,0.207361,0.007862,-0.7762,0.0025,0.7762,0.0038,0.0016,0.0041,0.6096,0.0035,0.6096,0.9918
9381,0.207176,0.007862,-0.7760,0.0030,0.7760,0.0033,0.0023,0.0040,0.6103,0.0037,0.6103,0.9930
9651,0.207432,0.007862,-0.7773,0.0045,0.7773,0.0033,0.0030,0.0045,0.6114,0.0099,0.6115,0.9994
929,0.203062,0.007862,-0.7703,0.0041,0.7703,0.0074,0.0132,0.0151,0.6165,0.0041,0.6165,0.9955
1191,0.205691,0.007862,-0.7749,0.0027,0.7749,0.0055,0.0133,0.0144,0.6127,0.0056,0.6127,1.0017
1445,0.204035,0.007862,-0.7728,0.0046,0.7728,0.0060,0.0191,0.0201,0.6158,0.0067,0.6159,0.9962
1705,0.205234,0.007862,-0.7735,0.0058,0.7735,0.0045,0.0150,0.0157,0.6135,0.0047,0.6135,0.9999
1970,0.203373,0.007862,-0.7721,0.0021,0.7721,0.0042,0.0121,0.0128,0.6180,0.0054,0.6180,0.9964
2235,0.204033,0.007862,-0.7723,0.0018,0.7723,0.0072,0.0105,0.0127,0.6151,0.0052,0.6151,0.9945
2498,0.204669,0.007862,-0.7736,0.0021,0.7736,0.0063,0.0096,0.0115,0.6150,0.0044,0.6150,0.9939
2764,0.204049,0.007862,-0.7724,0.0034,0.7724,0.0018,0.0087,0.0089,0.6169,0.0069,0.6169,1.0025
3028,0.204356,0.007862,-0.7721,0.0026,0.7721,0.0074,0.0086,0.0113,0.6137,0.0066,0.6137,0.9944
3296,0.204336,0.007862,-0.7742,0.0041,0.7742,0.0030,0.0124,0.0127,0.6179,0.0095,0.6180,0.9999
3554,0.206042,0.007862,-0.7748,0.0044,0.7748,0.0034,0.0114,0.0119,0.6116,0.0113,0.6117,0.9976
3819,0.203953,0.007862,-0.7706,0.0115,0.7707,0.0113,0.0159,0.0195,0.6138,0.0172,0.6140,0.9933
4088,0.206937,0.007862,-0.7760,0.0179,0.7763,0.0011,0.0360,0.0361,0.6102,0.0287,0.6109,0.9967
4355,0.204399,0.007862,-0.7740,0.0136,0.7741,0.0084,0.0311,0.0323,0.6165,0.0229,0.6169,0.9989
4615,0.205611,0.007862,-0.7732,0.0176,0.7734,0.0026,0.0164,0.0166,0.6141,0.0257,0.6146,0.9995
4876,0.206708,0.007862,-0.7768,0.0077,0.7768,0.0023,0.0135,0.0137,0.6133,0.0104,0.6134,0.9973
5147,0.206975,0.007862,-0.7764,0.0039,0.7764,0.0056,0.0075,0.0094,0.6110,0.0047,0.6111,0.9968
5412,0.205447,0.007862,-0.7744,0.0045,0.7745,0.0079,0.0102,0.0129,0.6135,0.0068,0.6135,0.9980
5677,0.205602,0.007862,-0.7744,0.0063,0.7744,0.0068,0.0199,0.0210,0.6120,0.0100,0.6121,0.9988
5935,0.209891,0.007862,-0.7791,0.0237,0.7794,-0.0231,0.0509,0.0559,0.6036,0.0396,0.6049,1.0115
6199,0.205308,0.007862,-0.7746,0.0172,0.7748,0.0341,0.0349,0.0488,0.6114,0.0225,0.6118,1.0054
6474,0.207619,0.007862,-0.7812,0.0194,0.7814,0.0163,0.0275,0.0320,0.6176,0.0197,0.6180,1.0070
6741,0.206763,0.007862,-0.7696,0.0209,0.7699,0.0247,0.0179,0.0305,0.6004,0.0433,0.6020,1.0431
7008,0.209048,0.007862,-0.7829,0.0141,0.7831,0.0170,0.0144,0.0223,0.6133,0.0291,0.6140,1.0328
7274,0.207689,0.007862,-0.7742,0.0086,0.7742,0.0210,0.0141,0.0253,0.6013,0.0172,0.6015,1.0144
7540,0.210349,0.007862,-0.7840,0.0080,0.7840,0.0190,0.0173,0.0257,0.6065,0.0193,0.6068,1.0156
7803,0.208538,0.007862,-0.7777,0.0066,0.7777,0.0201,0.0136,0.0243,0.6034,0.0099,0.6035,1.0007
8070,0.204864,0.007862,-0.7751,0.0043,0.7751,0.0258,0.0112,0.0282,0.6132,0.0044,0.6132,0.9958
8337,0.210052,0.007862,-0.7810,0.0036,0.7810,0.0161,0.0096,0.0187,0.6029,0.0065,0.6030,0.9974
8610,0.208519,0.007862,-0.7792,0.0037,0.7792,0.0242,0.0076,0.0254,0.6043,0.0070,0.6044,0.9947
8876,0.207415,0.007862,-0.7775,0.0049,0.7776,0.0229,0.0066,0.0238,0.6064,0.0157,0.6066,1.0117
9146,0.207771,0.007862,-0.7806,0.0092,0.7807,0.0212,0.0049,0.0217,0.6060,0.0083,0.6060,1.0100
9415,0.206039,0.007862,-0.7787,0.0032,0.7787,0.0206,0.0046,0.0211,0.6073,0.0065,0.6073,0.9982
9675,0.206162,0.007862,-0.7788,0.0028,0.7788,0.0215,0.0052,0.0221,0.6066,0.0058,0.6066,1.0000
9935,0.188728,0.007862,-0.7788,0.0073,0.7789,0.0202,0.0043,0.0206,0.6053,0.0057,0.6054,1.0057
10198,0.188781,0.007862,-0.7777,0.0050,0.7777,0.0221,0.0074,0.0233,0.6048,0.0068,0.6048,0.9967
10465,0.188924,0.007862,-0.7784,0.0050,0.7784,0.0205,0.0048,0.0211,0.6077,0.0042,0.6077,0.9978
10731,0.189668,0.007862,-0.7789,0.0035,0.7789,0.0203,0.0039,0.0206,0.6046,0.0055,0.6046,0.9983
10995,0.208379,0.007862,-0.7784,0.0084,0.7785,0.0218,0.0033,0.0220,0.6068,0.0057,0.6068,1.0032
11260,0.208759,0.007862,-0.7798,0.0049,0.7798,0.0198,0.0044,0.0202,0.6060,0.0073,0.6060,1.0077
11526,0.201763,0.007862,-0.7798,0.0048,0.7798,0.0226,0.0036,0.0229,0.6056,0.0060,0.6056,0.9952
11788,0.276212,0.007862,-0.7786,0.0072,0.7786,0.0200,0.0055,0.0207,0.6056,0.0064,0.6056,1.0017
12046,0.150316,0.007862,-0.7802,0.0063,0.7802,0.0216,0.0066,0.0226,0.6033,0.0072,0.6033,1.0036
12317,0.216556,0.007862,-0.7773,0.0076,0.7774,0.0228,0.0043,0.0232,0.6090,0.0110,0.6091,1.0096
12584,0.217870,0.007862,-0.7783,0.0076,0.7784,0.0218,0.0093,0.0237,0.6027,0.0150,0.6029,1.0026
12844,0.315092,0.007862,-0.7800,0.0094,0.7800,0.0185,0.0099,0.0210,0.6114,0.0159,0.6116,1.0142
13110,0.197776,0.007862,-0.7771,0.0108,0.7772,0.0233,0.0137,0.0270,0.5985,0.0165,0.5987,1.0186
13377,0.195729,0.007862,-0.7794,0.0112,0.7795,0.0249,0.0169,0.0301,0.6106,0.0160,0.6108,1.0205
13648,0.197134,0.007862,-0.7804,0.0041,0.7804,0.0162,0.0119,0.0201,0.6076,0.0095,0.6077,1.0034
13916,0.284114,0.007862,-0.7775,0.0062,0.7775,0.0228,0.0111,0.0253,0.6006,0.0107,0.6007,0.9966
14184,0.213504,0.007862,-0.7801,0.0096,0.7801,0.0219,0.0128,0.0253,0.6106,0.0144,0.6108,1.0172
14453,0.200459,0.007862,-0.7769,0.0102,0.7770,0.0179,0.0147,0.0232,0.6053,0.0238,0.6058,1.0184
14706,0.201697,0.007862,-0.7789,0.0059,0.7789,0.0258,0.0170,0.0309,0.6031,0.0090,0.6031,1.0021
14965,0.192345,0.007862,-0.7792,0.0057,0.7792,0.0162,0.0154,0.0224,0.6064,0.0086,0.6064,1.0097
936,0.205805,0.007862,-0.7772,0.0124,0.7773,0.0233,0.0115,0.0259,0.6153,0.0224,0.6157,1.0176
1196,0.210245,0.007862,-0.7794,0.0081,0.7794,0.0170,0.0140,0.0220,0.6007,0.0082,0.6007,1.0025
1454,0.207321,0.007862,-0.7782,0.0032,0.7782,0.0261,0.0129,0.0291,0.6073,0.0051,0.6073,0.9972
1712,0.208802,0.007862,-0.7795,0.0017,0.7795,0.0185,0.0080,0.0201,0.6046,0.0031,0.6046,0.9914
1971,0.208059,0.007862,-0.7787,0.0028,0.7787,0.0223,0.0065,0.0232,0.6059,0.0042,0.6059,0.9933
2235,0.208519,0.007862,-0.7788,0.0026,0.7788,0.0220,0.0025,0.0221,0.6039,0.0051,0.6040,0.9966
2491,0.206863,0.007862,-0.7774,0.0021,0.7774,0.0231,0.0046,0.0235,0.6083,0.0031,0.6083,0.9924
2750,0.208898,0.007862,-0.7794,0.0023,0.7794,0.0192,0.0043,0.0197,0.6041,0.0042,0.6041,0.9912
3015,0.207951,0.007862,-0.7787,0.0021,0.7787,0.0237,0.0069,0.0247,0.6059,0.0030,0.6059,0.9913
3283,0.208354,0.007862,-0.7792,0.0017,0.7792,0.0211,0.0038,0.0215,0.6054,0.0023,0.6054,0.9895
3541,0.208256,0.007862,-0.7789,0.0015,0.7789,0.0205,0.0035,0.0209,0.6054,0.0029,0.6054,0.9932
3804,0.208349,0.007862,-0.7799,0.0022,0.7799,0.0218,0.0030,0.0221,0.6066,0.0031,0.6066,0.9937
4061,0.208316,0.007862,-0.7786,0.0021,0.7786,0.0213,0.0035,0.0216,0.6047,0.0029,0.6047,0.9910
4324,0.208026,0.007862,-0.7790,0.0021,0.7790,0.0225,0.0040,0.0228,0.6063,0.0034,0.6063,0.9929
4590,0.208007,0.007862,-0.7785,0.0019,0.7785,0.0211,0.0028,0.0213,0.6057,0.0034,0.6058,0.9922
4855,0.208142,0.007862,-0.7794,0.0025,0.7794,0.0220,0.0026,0.0221,0.6066,0.0044,0.6066,0.9941
5127,0.207671,0.007862,-0.7781,0.0023,0.7781,0.0210,0.0031,0.0212,0.6066,0.0037,0.6066,0.9930
5396,0.208121,0.007862,-0.7791,0.0019,0.7791,0.0212,0.0029,0.0214,0.6062,0.0026,0.6062,0.9924
5666,0.207849,0.007862,-0.7788,0.0016,0.7788,0.0225,0.0035,0.0228,0.6064,0.0031,0.6064,0.9920
5937,0.208245,0.007862,-0.7790,0.0018,0.7790,0.0217,0.0025,0.0219,0.6052,0.0051,0.6052,0.9941
6205,0.208048,0.007862,-0.7784,0.0027,0.7784,0.0205,0.0039,0.0209,0.6058,0.0034,0.6058,0.9925
6482,0.207917,0.007862,-0.7787,0.0020,0.7787,0.0227,0.0035,0.0229,0.6060,0.0036,0.6060,0.9932
6747,0.208429,0.007862,-0.7795,0.0017,0.7795,0.0221,0.0041,0.0225,0.6054,0.0034,0.6054,0.9926
7015,0.208044,0.007862,-0.7786,0.0018,0.7786,0.0206,0.0055,0.0213,0.6059,0.0025,0.6059,0.9897
7283,0.207834,0.007862,-0.7784,0.0014,0.7784,0.0213,0.0041,0.0217,0.6062,0.0026,0.6062,0.9895
7554,0.208624,0.007862,-0.7797,0.0017,0.7797,0.0230,0.0043,0.0234,0.6047,0.0023,0.6047,0.9895
7822,0.207853,0.007862,-0.7785,0.0021,0.7785,0.0211,0.0031,0.0213,0.6063,0.0048,0.6063,0.9947
8099,0.207789,0.007862,-0.7784,0.0019,0.7784,0.0213,0.0017,0.0214,0.6065,0.0033,0.6065,0.9924
8370,0.207718,0.007862,-0.7778,0.0019,0.7778,0.0217,0.0033,0.0220,0.6056,0.0028,0.6057,0.9905
8634,0.208376,0.007862,-0.7794,0.0021,0.7794,0.0227,0.0055,0.0233,0.6055,0.0022,0.6055,0.9913
8901,0.208426,0.007862,-0.7789,0.0013,0.7789,0.0204,0.0042,0.0208,0.6047,0.0026,0.6047,0.9902
9163,0.206985,0.007862,-0.7778,0.0024,0.7778,0.0229,0.0048,0.0234,0.6087,0.0033,0.6087,0.9932
9433,0.210013,0.007862,-0.7807,0.0028,0.7807,0.0202,0.0050,0.0208,0.6014,0.0041,0.6014,0.9892
9700,0.206819,0.007862,-0.7768,0.0039,0.7769,0.0207,0.0028,0.0209,0.6087,0.0052,0.6087,0.9936
9965,0.208318,0.007862,-0.7791,0.0037,0.7791,0.0236,0.0057,0.0243,0.6054,0.0050,0.6055,0.9939
10232,0.208688,0.007862,-0.7794,0.0039,0.7794,0.0208,0.0050,0.0214,0.6053,0.0039,0.6053,0.9951
10497,0.208777,0.007862,-0.7790,0.0029,0.7790,0.0194,0.0034,0.0197,0.6039,0.0061,0.6039,0.9932
10766,0.205382,0.007862,-0.7756,0.0039,0.7756,0.0247,0.0071,0.0257,0.6119,0.0047,0.6119,0.9939
11030,0.210867,0.007862,-0.7827,0.0026,0.7827,0.0176,0.0063,0.0187,0.6017,0.0058,0.6017,0.9955
11295,0.206711,0.007862,-0.7765,0.0026,0.7765,0.0225,0.0047,0.0230,0.6075,0.0052,0.6076,0.9930
11563,0.209047,0.007862,-0.7801,0.0033,0.7801,0.0214,0.0047,0.0219,0.6044,0.0048,0.6044,0.9944
11831,0.207592,0.007862,-0.7780,0.0032,0.7780,0.0231,0.0049,0.0236,0.6066,0.0036,0.6066,0.9943
12096,0.204344,0.007862,-0.7735,0.0050,0.7735,0.0246,0.0116,0.0272,0.6125,0.0104,0.6126,0.9953
12365,0.212453,0.007862,-0.7842,0.0090,0.7843,0.0202,0.0101,0.0225,0.5989,0.0105,0.5990,0.9915
12621,0.206417,0.007862,-0.7765,0.0041,0.7766,0.0235,0.0070,0.0246,0.6092,0.0059,0.6093,0.9948
12884,0.210325,0.007862,-0.7816,0.0044,0.7816,0.0176,0.0096,0.0200,0.6028,0.0058,0.6028,0.9979
13147,0.205108,0.007862,-0.7746,0.0043,0.7746,0.0232,0.0064,0.0241,0.6117,0.0058,0.6117,0.9939
13411,0.210407,0.007862,-0.7823,0.0027,0.7823,0.0214,0.0043,0.0218,0.6021,0.0040,0.6021,0.9912
13673,0.207363,0.007862,-0.7783,0.0037,0.7783,0.0216,0.0047,0.0221,0.6084,0.0065,0.6085,0.9975
13948,0.207928,0.007862,-0.7786,0.0041,0.7786,0.0218,0.0059,0.0226,0.6067,0.0051,0.6068,0.9954
14214,0.209150,0.007862,-0.7797,0.0024,0.7797,0.0189,0.0072,0.0202,0.6034,0.0055,0.6034,0.9935
14484,0.207557,0.007862,-0.7783,0.0025,0.7783,0.0237,0.0081,0.0250,0.6071,0.0029,0.6071,0.9922
14752,0.208526,0.007862,-0.7794,0.0020,0.7794,0.0207,0.0040,0.0211,0.6052,0.0034,0.6052,0.9919
15021,0.207897,0.007862,-0.7783,0.0021,0.7784,0.0213,0.0037,0.0216,0.6061,0.0026,0.6061,0.9924
15281,0.208111,0.007862,-0.7779,0.0051,0.7779,0.0219,0.0028,0.0221,0.6054,0.0048,0.6055,1.0057
15552,0.208016,0.007862,-0.7774,0.0040,0.7774,0.0216,0.0048,0.0221,0.6042,0.0075,0.6042,1.0000
15825,0.208111,0.007862,-0.7798,0.0022,0.7798,0.0234,0.0058,0.0241,0.6071,0.0032,0.6071,0.9954
16091,0.208330,0.007862,-0.7794,0.0013,0.7794,0.0203,0.0047,0.0208,0.6060,0.0030,0.6060,0.9920
16351,0.207703,0.007862,-0.7783,0.0017,0.7783,0.0218,0.0048,0.0223,0.6066,0.0022,0.6066,0.9911
16611,0.208285,0.007862,-0.7789,0.0020,0.7789,0.0223,0.0042,0.0227,0.6050,0.0024,0.6051,0.9909
16871,0.207886,0.007862,-0.7781,0.0012,0.7781,0.0213,0.0027,0.0214,0.6054,0.0023,0.6054,0.9889
17130,0.208239,0.007862,-0.7792,0.0015,0.7792,0.0220,0.0035,0.0223,0.6057,0.0023,0.6057,0.9913
17395,0.207848,0.007862,-0.7787,0.0022,0.7787,0.0221,0.0027,0.0223,0.6067,0.0019,0.6067,0.9922
17664,0.208057,0.007862,-0.7787,0.0019,0.7787,0.0204,0.0032,0.0207,0.6061,0.0024,0.6061,0.9912
17931,0.208319,0.007862,-0.7791,0.0018,0.7791,0.0222,0.0023,0.0223,0.6050,0.0031,0.6050,0.9906
18202,0.208018,0.007862,-0.7786,0.0018,0.7786,0.0217,0.0032,0.0219,0.6057,0.0025,0.6057,0.9917
18461,0.208699,0.007862,-0.7797,0.0015,0.7797,0.0202,0.0064,0.0212,0.6045,0.0063,0.6045,0.9925
18725,0.208807,0.007862,-0.7800,0.0046,0.7800,0.0209,0.0031,0.0212,0.6053,0.0095,0.6054,0.9934
18993,0.206064,0.007862,-0.7760,0.0045,0.7760,0.0240,0.0049,0.0245,0.6096,0.0069,0.6097,0.9908
19261,0.210521,0.007862,-0.7812,0.0051,0.7812,0.0190,0.0053,0.0197,0.6015,0.0041,0.6015,0.9918
19530,0.205607,0.007862,-0.7764,0.0037,0.7764,0.0248,0.0046,0.0252,0.6119,0.0056,0.6120,0.9965
19791,0.210927,0.007862,-0.7817,0.0034,0.7817,0.0190,0.0048,0.0196,0.5998,0.0052,0.5998,0.9905
20052,0.207432,0.007862,-0.7787,0.0157,0.7789,0.0280,0.0106,0.0300,0.6109,0.0265,0.6115,1.0231
922,0.206644,0.007862,-0.7762,0.0053,0.7762,0.0192,0.0097,0.0215,0.6088,0.0088,0.6089,0.9950
1184,0.205447,0.007862,-0.7750,0.0072,0.7751,0.0184,0.0187,0.0262,0.6119,0.0128,0.6121,0.9936
1441,0.200504,0.007862,-0.7674,0.0147,0.7676,0.0130,0.0135,0.0187,0.6249,0.0206,0.6253,1.0175
1700,0.214169,0.007862,-0.7785,0.0376,0.7794,0.0137,0.0303,0.0333,0.6241,0.0536,0.6264,1.2283
1964,0.208289,0.007862,-0.7785,0.0094,0.7785,0.0175,0.0267,0.0319,0.6052,0.0210,0.6056,1.0013
2233,0.202928,0.007862,-0.7737,0.0057,0.7737,0.0241,0.0300,0.0385,0.6179,0.0165,0.6181,1.0079
2502,0.207767,0.007862,-0.7767,0.0064,0.7767,0.0104,0.0430,0.0442,0.6031,0.0149,0.6033,1.0040
2777,0.206357,0.007862,-0.7775,0.0076,0.7776,0.0267,0.0138,0.0301,0.6116,0.0073,0.6117,0.9968
3047,0.208768,0.007862,-0.7787,0.0114,0.7787,0.0195,0.0130,0.0234,0.6058,0.0145,0.6059,0.9992
3311,0.209082,0.007862,-0.7792,0.0127,0.7793,0.0179,0.0191,0.0262,0.6051,0.0208,0.6055,1.0012
3574,0.206293,0.007862,-0.7770,0.0142,0.7771,0.0160,0.0408,0.0438,0.6121,0.0232,0.6125,1.0093
3831,0.210843,0.007862,-0.7810,0.0254,0.7814,0.0220,0.0302,0.0373,0.6033,0.0347,0.6043,1.0070
4095,0.200754,0.007862,-0.7677,0.0366,0.7686,0.0289,0.0230,0.0369,0.6263,0.0602,0.6292,1.0165
4351,0.206725,0.007862,-0.7744,0.0068,0.7745,0.0278,0.0155,0.0318,0.6037,0.0134,0.6039,1.0053
4625,0.207193,0.007862,-0.7787,0.0053,0.7787,0.0191,0.0109,0.0220,0.6106,0.0113,0.6107,1.0037
4893,0.207849,0.007862,-0.7766,0.0048,0.7766,0.0198,0.0110,0.0226,0.6042,0.0077,0.6042,0.9995
5162,0.207107,0.007862,-0.7784,0.0041,0.7784,0.0270,0.0112,0.0293,0.6087,0.0055,0.6088,0.9968
5422,0.207644,0.007862,-0.7778,0.0033,0.7778,0.0200,0.0096,0.0222,0.6069,0.0040,0.6069,0.9955
5692,0.207628,0.007862,-0.7784,0.0032,0.7784,0.0232,0.0090,0.0249,0.6072,0.0033,0.6072,0.9944
5952,0.207257,0.007862,-0.7780,0.0023,0.7780,0.0226,0.0061,0.0234,0.6079,0.0038,0.6079,0.9936
6212,0.207604,0.007862,-0.7778,0.0022,0.7778,0.0216,0.0054,0.0222,0.6064,0.0031,0.6064,0.9916
6476,0.207183,0.007862,-0.7778,0.0023,0.7778,0.0230,0.0024,0.0231,0.6076,0.0033,0.6076,0.9923
6741,0.207721,0.007862,-0.7784,0.0019,0.7784,0.0219,0.0018,0.0220,0.6065,0.0027,0.6065,0.9922
7003,0.207101,0.007862,-0.7782,0.0016,0.7782,0.0233,0.0014,0.0233,0.6084,0.0029,0.6084,0.9928
7271,0.207148,0.007862,-0.7779,0.0021,0.7779,0.0224,0.0021,0.0225,0.6081,0.0025,0.6081,0.9919
7532,0.207601,0.007862,-0.7787,0.0018,0.7787,0.0230,0.0025,0.0231,0.6075,0.0014,0.6075,0.9916
7795,0.207013,0.007862,-0.7772,0.0015,0.7772,0.0226,0.0019,0.0226,0.6073,0.0026,0.6073,0.9904
8050,0.207413,0.007862,-0.7782,0.0017,0.7782,0.0230,0.0018,0.0230,0.6073,0.0025,0.6073,0.9912
8319,0.206887,0.007862,-0.7773,0.0017,0.7773,0.0223,0.0021,0.0224,0.6082,0.0024,0.6082,0.9909
8584,0.207488,0.007862,-0.7783,0.0015,0.7783,0.0227,0.0017,0.0228,0.6070,0.0026,0.6070,0.9911
8854,0.207841,0.007862,-0.7778,0.0147,0.7779,0.0257,0.0078,0.0268,0.6093,0.0270,0.6099,1.0503
9124,0.208054,0.007862,-0.7795,0.0095,0.7796,0.0194,0.0105,0.0220,0.6098,0.0149,0.6099,1.0084
9397,0.206651,0.007862,-0.7753,0.0059,0.7753,0.0236,0.0178,0.0296,0.6065,0.0062,0.6066,0.9964
9666,0.207112,0.007862,-0.7771,0.0025,0.7771,0.0245,0.0076,0.0257,0.6066,0.0039,0.6066,0.9927
9936,0.206198,0.007862,-0.7778,0.0019,0.7778,0.0203,0.0108,0.0230,0.6121,0.0065,0.6122,0.9976
10217,0.207861,0.007862,-0.7771,0.0038,0.7771,0.0218,0.0102,0.0241,0.6043,0.0048,0.6043,0.9924
10485,0.206363,0.007862,-0.7766,0.0035,0.7766,0.0260,0.0075,0.0270,0.6088,0.0060,0.6088,0.9949
10742,0.206443,0.007862,-0.7775,0.0021,0.7775,0.0215,0.0068,0.0226,0.6106,0.0049,0.6107,0.9971
11009,0.207713,0.007862,-0.7773,0.0025,0.7773,0.0220,0.0068,0.0230,0.6049,0.0040,0.6049,0.9909
11273,0.207093,0.007862,-0.7782,0.0031,0.7782,0.0238,0.0050,0.0243,0.6087,0.0063,0.6087,0.9979
11542,0.204514,0.007862,-0.7736,0.0096,0.7737,0.0287,0.0141,0.0320,0.6122,0.0182,0.6124,1.0048
11807,0.211916,0.007862,-0.7837,0.0094,0.7838,0.0228,0.0217,0.0315,0.5998,0.0068,0.5999,0.9959
12082,0.208778,0.007862,-0.7781,0.0116,0.7782,0.0157,0.0259,0.0303,0.6041,0.0184,0.6044,1.0047
12346,0.204631,0.007862,-0.7746,0.0103,0.7747,0.0233,0.0220,0.0321,0.6150,0.0127,0.6151,0.9986
12612,0.208145,0.007862,-0.7782,0.0083,0.7783,0.0223,0.0173,0.0283,0.6059,0.0098,0.6060,0.9929
12876,0.209267,0.007862,-0.7799,0.0133,0.7800,0.0217,0.0116,0.0246,0.6058,0.0167,0.6060,0.9919
13141,0.208053,0.007862,-0.7778,0.0129,0.7779,0.0237,0.0131,0.0271,0.6066,0.0172,0.6069,0.9954
13411,0.207316,0.007862,-0.7767,0.0053,0.7767,0.0214,0.0116,0.0243,0.6062,0.0092,0.6063,0.9966
13674,0.207549,0.007862,-0.7794,0.0027,0.7794,0.0258,0.0108,0.0279,0.6083,0.0052,0.6083,0.9953
13930,0.207358,0.007862,-0.7772,0.0038,0.7772,0.0200,0.0103,0.0225,0.6068,0.0084,0.6068,0.9983
14192,0.207211,0.007862,-0.7778,0.0039,0.7778,0.0240,0.0088,0.0256,0.6081,0.0032,0.6081,0.9963
14462,0.208357,0.007862,-0.7795,0.0024,0.7795,0.0239,0.0053,0.0245,0.6054,0.0042,0.6054,0.9929
14723,0.207124,0.007862,-0.7779,0.0023,0.7779,0.0218,0.0029,0.0220,0.6084,0.0033,0.6084,0.9909
14992,0.207433,0.007862,-0.7790,0.0032,0.7790,0.0232,0.0041,0.0235,0.6085,0.0083,0.6086,0.9955
928,0.197064,0.007862,-0.7656,0.0035,0.7657,0.0306,0.0269,0.0407,0.6289,0.0082,0.6289,1.0028
1187,0.205655,0.007862,-0.7733,0.0089,0.7733,0.0212,0.0144,0.0256,0.6089,0.0095,0.6089,0.9959
1445,0.201936,0.007862,-0.7693,0.0103,0.7693,0.0294,0.0181,0.0346,0.6175,0.0047,0.6175,1.0037
1704,0.199974,0.007862,-0.7702,0.0061,0.7702,0.0262,0.0129,0.0292,0.6264,0.0082,0.6265,1.0020
1963,0.206145,0.007862,-0.7741,0.0062,0.7741,0.0218,0.0205,0.0299,0.6067,0.0091,0.6068,1.0018
2229,0.198809,0.007862,-0.7680,0.0030,0.7680,0.0275,0.0108,0.0296,0.6264,0.0051,0.6264,0.9977
2498,0.205285,0.007862,-0.7752,0.0024,0.7752,0.0269,0.0083,0.0281,0.6104,0.0050,0.6105,0.9942
2780,0.200859,0.007862,-0.7696,0.0030,0.7696,0.0287,0.0036,0.0289,0.6200,0.0032,0.6200,0.9982
3051,0.204354,0.007862,-0.7723,0.0021,0.7723,0.0230,0.0052,0.0236,0.6103,0.0044,0.6103,0.9906
3316,0.200843,0.007862,-0.7710,0.0029,0.7710,0.0283,0.0028,0.0285,0.6222,0.0060,0.6222,0.9991
3587,0.203299,0.007862,-0.7726,0.0023,0.7726,0.0294,0.0074,0.0304,0.6141,0.0029,0.6141,0.9915
3854,0.202452,0.007862,-0.7716,0.0030,0.7716,0.0208,0.0150,0.0256,0.6180,0.0055,0.6180,0.9979
4124,0.203378,0.007862,-0.7731,0.0019,0.7731,0.0259,0.0140,0.0295,0.6150,0.0052,0.6150,0.9938
4394,0.201870,0.007862,-0.7702,0.0047,0.7702,0.0277,0.0197,0.0340,0.6171,0.0055,0.6171,0.9939
4654,0.203731,0.007862,-0.7732,0.0044,0.7733,0.0217,0.0080,0.0231,0.6159,0.0046,0.6160,0.9972
4923,0.202223,0.007862,-0.7722,0.0022,0.7722,0.0286,0.0101,0.0303,0.6181,0.0047,0.6181,0.9981
925,0.204863,0.007862,-0.7761,0.0078,0.7761,0.0225,0.0060,0.0233,0.6158,0.0203,0.6161,1.0152
1185,0.201795,0.007862,-0.7729,0.0050,0.7729,0.0286,0.0077,0.0296,0.6217,0.0143,0.6218,1.0141
1446,0.204613,0.007862,-0.7712,0.0092,0.7713,0.0235,0.0101,0.0256,0.6095,0.0179,0.6098,1.0232
1709,0.204268,0.007862,-0.7739,0.0052,0.7739,0.0233,0.0133,0.0268,0.6141,0.0107,0.6142,1.0076
1966,0.204452,0.007862,-0.7745,0.0022,0.7745,0.0262,0.0109,0.0283,0.6129,0.0052,0.6129,0.9934
2235,0.203868,0.007862,-0.7735,0.0036,0.7735,0.0270,0.0070,0.0279,0.6142,0.0044,0.6142,0.9956
2495,0.203788,0.007862,-0.7735,0.0022,0.7735,0.0249,0.0058,0.0255,0.6146,0.0039,0.6146,0.9943
2771,0.203464,0.007862,-0.7731,0.0016,0.7731,0.0269,0.0059,0.0275,0.6146,0.0026,0.6146,0.9916
3041,0.203656,0.007862,-0.7722,0.0027,0.7722,0.0240,0.0049,0.0245,0.6133,0.0036,0.6133,0.9930
3309,0.203582,0.007862,-0.7732,0.0033,0.7732,0.0266,0.0043,0.0269,0.6145,0.0073,0.6145,0.9978
3576,0.204379,0.007862,-0.7753,0.0045,0.7753,0.0271,0.0066,0.0278,0.6149,0.0115,0.6150,1.0090
3833,0.203345,0.007862,-0.7724,0.0078,0.7724,0.0251,0.0130,0.0282,0.6167,0.0055,0.6167,1.0024
4100,0.205820,0.007862,-0.7750,0.0067,0.7750,0.0244,0.0080,0.0256,0.6097,0.0099,0.6098,1.0031
4367,0.202608,0.007862,-0.7716,0.0041,0.7716,0.0256,0.0049,0.0260,0.6169,0.0046,0.6169,0.9948
4635,0.205262,0.007862,-0.7751,0.0032,0.7751,0.0238,0.0081,0.0252,0.6113,0.0056,0.6113,0.9967
4908,0.202669,0.007862,-0.7723,0.0037,0.7724,0.0278,0.0071,0.0287,0.6169,0.0078,0.6170,0.9997
5166,0.204232,0.007862,-0.7735,0.0038,0.7735,0.0245,0.0035,0.0248,0.6128,0.0079,0.6129,1.0011
5434,0.204373,0.007862,-0.7725,0.0052,0.7726,0.0258,0.0032,0.0260,0.6106,0.0108,0.6107,1.0010
5695,0.204022,0.007862,-0.7765,0.0092,0.7765,0.0266,0.0058,0.0272,0.6200,0.0160,0.6202,1.0090
5955,0.204216,0.007862,-0.7759,0.0114,0.7760,0.0222,0.0144,0.0265,0.6223,0.0181,0.6226,1.0523
6215,0.207508,0.007862,-0.7761,0.0325,0.7768,0.0287,0.0240,0.0374,0.6134,0.0501,0.6154,1.0613
6479,0.209264,0.007862,-0.7726,0.0204,0.7729,0.0192,0.0201,0.0278,0.5963,0.0341,0.5973,1.0373
6744,0.210067,0.007862,-0.7835,0.0264,0.7839,0.0308,0.0194,0.0364,0.6128,0.0509,0.6149,1.0700
7011,0.210253,0.007862,-0.7725,0.0253,0.7729,0.0213,0.0319,0.0384,0.5931,0.0429,0.5946,1.0547
7278,0.209929,0.007862,-0.7863,0.0215,0.7866,0.0265,0.0356,0.0443,0.6157,0.0360,0.6168,1.0481
7542,0.209754,0.007862,-0.7747,0.0163,0.7748,0.0177,0.0353,0.0395,0.5953,0.0276,0.5960,1.0342
7809,0.208899,0.007862,-0.7835,0.0133,0.7836,0.0280,0.0325,0.0428,0.6116,0.0208,0.6120,1.0227
8076,0.208699,0.007862,-0.7761,0.0097,0.7762,0.0175,0.0289,0.0338,0.6000,0.0194,0.6003,1.0150
8353,0.209909,0.007862,-0.7833,0.0116,0.7833,0.0304,0.0281,0.0414,0.6063,0.0141,0.6065,1.0143
8619,0.209098,0.007862,-0.7788,0.0084,0.7788,0.0183,0.0187,0.0261,0.6038,0.0103,0.6039,1.0066
8887,0.207962,0.007862,-0.7794,0.0055,0.7795,0.0255,0.0171,0.0307,0.6075,0.0069,0.6075,1.0017
9158,0.209447,0.007862,-0.7786,0.0109,0.7787,0.0237,0.0069,0.0247,0.6014,0.0176,0.6017,1.0043
9428,0.209834,0.007862,-0.7804,0.0124,0.7805,0.0240,0.0124,0.0270,0.6046,0.0099,0.6047,1.0132
9695,0.209401,0.007862,-0.7820,0.0027,0.7820,0.0234,0.0116,0.0261,0.6054,0.0057,0.6054,0.9991
9953,0.207797,0.007862,-0.7760,0.0048,0.7760,0.0217,0.0091,0.0235,0.6030,0.0060,0.6030,0.9910
944,0.430540,0.007862,0.1033,0.0416,0.1114,-0.9765,0.0682,0.9789,0.1273,0.0431,0.1344,1.0944
1195,0.571064,0.007862,0.1508,0.0477,0.1581,-1.0974,0.2266,1.1205,0.0840,0.0676,0.1078,1.7237
1447,0.456509,0.007862,0.1980,0.0170,0.1987,-0.9977,0.0299,0.9982,0.1026,0.0253,0.1057,1.0839
1708,0.477155,0.007862,0.1682,0.0138,0.1688,-1.0007,0.0155,1.0008,0.0575,0.0236,0.0622,1.0458
1972,0.479314,0.007862,0.0431,0.0514,0.0671,-0.9386,0.0326,0.9392,-0.2558,0.2109,0.3315,1.1596
2237,0.504348,0.007862,0.0165,0.0044,0.0171,-0.8979,0.0263,0.8983,-0.4942,0.0842,0.5013,1.1310
2502,0.495886,0.007862,0.0194,0.0016,0.0195,-0.9015,0.0064,0.9015,-0.4416,0.0144,0.4419,1.0209
2768,0.495107,0.007862,0.0196,0.0020,0.0197,-0.8997,0.0047,0.8997,-0.4417,0.0069,0.4417,1.0183
3029,0.494739,0.007862,0.0178,0.0021,0.0179,-0.9001,0.0058,0.9001,-0.4381,0.0070,0.4382,1.0120
3298,0.495405,0.007862,0.0199,0.0023,0.0201,-0.9000,0.0041,0.9000,-0.4423,0.0046,0.4423,1.0127
3562,0.495399,0.007862,0.0188,0.0019,0.0189,-0.8999,0.0029,0.8999,-0.4423,0.0021,0.4423,1.0077
3827,0.495330,0.007862,0.0185,0.0020,0.0186,-0.8998,0.0022,0.8998,-0.4421,0.0026,0.4421,1.0074
4092,0.495082,0.007862,0.0211,0.0018,0.0212,-0.8990,0.0023,0.8990,-0.4426,0.0020,0.4426,1.0066
4360,0.495329,0.007862,0.0168,0.0021,0.0170,-0.8995,0.0015,0.8995,-0.4426,0.0027,0.4426,1.0061
4628,0.495180,0.007862,0.0197,0.0020,0.0198,-0.8992,0.0018,0.8992,-0.4425,0.0028,0.4425,1.0061
4903,0.494860,0.007862,0.0189,0.0031,0.0191,-0.8990,0.0059,0.8991,-0.4414,0.0030,0.4414,1.0109
797,0.495229,0.007862,0.0199,0.0023,0.0201,-0.8998,0.0039,0.8998,-0.4417,0.0027,0.4418,1.0089
1053,0.494772,0.007862,0.0188,0.0015,0.0189,-0.8989,0.0031,0.8990,-0.4410,0.0028,0.4410,1.0065
1315,0.495421,0.007862,0.0194,0.0013,0.0194,-0.9002,0.0023,0.9002,-0.4417,0.0021,0.4417,1.0069
1578,0.495282,0.007862,0.0192,0.0013,0.0192,-0.8997,0.0027,0.8997,-0.4423,0.0027,0.4423,1.0098
1850,0.494315,0.007862,0.0191,0.0017,0.0192,-0.8984,0.0072,0.8984,-0.4404,0.0045,0.4404,1.0167
2117,0.494703,0.007862,0.0192,0.0015,0.0193,-0.8989,0.0047,0.8990,-0.4410,0.0039,0.4410,1.0129
2373,0.494762,0.007862,0.0191,0.0013,0.0192,-0.8991,0.0015,0.8991,-0.4405,0.0017,0.4405,1.0045
2638,0.495396,0.007862,0.0188,0.0017,0.0189,-0.9002,0.0040,0.9002,-0.4419,0.0035,0.4419,1.0135
2904,0.494877,0.007862,0.0190,0.0016,0.0191,-0.8994,0.0040,0.8994,-0.4408,0.0025,0.4409,1.0107
3168,0.494329,0.007862,0.0194,0.0012,0.0195,-0.8984,0.0065,0.8984,-0.4405,0.0056,0.4406,1.0168
3439,0.495272,0.007862,0.0193,0.0017,0.0194,-0.9001,0.0061,0.9001,-0.4415,0.0031,0.4415,1.0113
3716,0.494637,0.007862,0.0193,0.0017,0.0194,-0.8986,0.0036,0.8986,-0.4412,0.0043,0.4412,1.0094
3973,0.494872,0.007862,0.0190,0.0016,0.0191,-0.8991,0.0031,0.8991,-0.4412,0.0030,0.4413,1.0082
4233,0.495454,0.007862,0.0193,0.0012,0.0193,-0.9005,0.0036,0.9005,-0.4415,0.0034,0.4415,1.0107
4493,0.494553,0.007862,0.0191,0.0014,0.0191,-0.8984,0.0024,0.8985,-0.4408,0.0024,0.4408,1.0053
4754,0.495030,0.007862,0.0199,0.0013,0.0200,-0.8995,0.0023,0.8995,-0.4413,0.0022,0.4413,1.0087
5013,0.494972,0.007862,0.0184,0.0012,0.0184,-0.8995,0.0024,0.8995,-0.4409,0.0029,0.4409,1.0099
5283,0.494930,0.007862,0.0192,0.0018,0.0193,-0.8995,0.0015,0.8995,-0.4404,0.0024,0.4404,1.0054
5552,0.495134,0.007862,0.0189,0.0017,0.0190,-0.8998,0.0016,0.8998,-0.4409,0.0024,0.4409,1.0056
5814,0.495012,0.007862,0.0189,0.0016,0.0189,-0.8996,0.0015,0.8996,-0.4407,0.0015,0.4407,1.0050
6074,0.495189,0.007862,0.0188,0.0012,0.0189,-0.8996,0.0017,0.8996,-0.4418,0.0019,0.4418,1.0062
6334,0.494901,0.007862,0.0190,0.0014,0.0190,-0.8992,0.0013,0.8992,-0.4410,0.0018,0.4410,1.0044
6595,0.494993,0.007862,0.0193,0.0021,0.0194,-0.8992,0.0015,0.8992,-0.4413,0.0023,0.4413,1.0045
6853,0.495132,0.007862,0.0195,0.0017,0.0195,-0.8994,0.0017,0.8994,-0.4418,0.0023,0.4418,1.0063
7116,0.494984,0.007862,0.0195,0.0016,0.0196,-0.8991,0.0013,0.8991,-0.4418,0.0024,0.4418,1.0052
7372,0.494817,0.007862,0.0194,0.0015,0.0194,-0.8992,0.0018,0.8992,-0.4404,0.0022,0.4404,1.0048
7634,0.494959,0.007862,0.0191,0.0013,0.0191,-0.8993,0.0035,0.8994,-0.4412,0.0027,0.4412,1.0079
7900,0.495299,0.007862,0.0194,0.0013,0.0195,-0.9002,0.0028,0.9002,-0.4413,0.0024,0.4413,1.0117
8167,0.494991,0.007862,0.0190,0.0013,0.0190,-0.8994,0.0014,0.8994,-0.4409,0.0025,0.4409,1.0053
8437,0.494875,0.007862,0.0196,0.0020,0.0197,-0.8994,0.0027,0.8994,-0.4405,0.0016,0.4405,1.0071
8704,0.494786,0.007862,0.0185,0.0012,0.0185,-0.8992,0.0030,0.8992,-0.4405,0.0030,0.4405,1.0085
8963,0.495366,0.007862,0.0191,0.0017,0.0191,-0.9002,0.0036,0.9002,-0.4419,0.0028,0.4419,1.0133
9221,0.495069,0.007862,0.0197,0.0019,0.0198,-0.8993,0.0022,0.8993,-0.4417,0.0025,0.4418,1.0063
9493,0.495274,0.007862,0.0188,0.0012,0.0188,-0.8996,0.0019,0.8996,-0.4423,0.0023,0.4423,1.0068
9757,0.494817,0.007862,0.0189,0.0011,0.0189,-0.8990,0.0026,0.8990,-0.4410,0.0025,0.4410,1.0061
10023,0.495283,0.007862,0.0197,0.0018,0.0198,-0.9002,0.0040,0.9002,-0.4411,0.0032,0.4411,1.0091
795,0.494350,0.007862,0.0190,0.0019,0.0191,-0.8981,0.0036,0.8981,-0.4407,0.0026,0.4407,1.0085
1053,0.495491,0.007862,0.0186,0.0013,0.0187,-0.9005,0.0063,0.9005,-0.4419,0.0039,0.4419,1.0148
1313,0.494517,0.007862,0.0176,0.0016,0.0177,-0.8990,0.0047,0.8990,-0.4396,0.0034,0.4396,1.0099
1574,0.494639,0.007862,0.0196,0.0024,0.0198,-0.8989,0.0099,0.8990,-0.4422,0.0070,0.4422,1.0348
1831,0.494248,0.007862,0.0188,0.0027,0.0190,-0.8979,0.0099,0.8980,-0.4411,0.0091,0.4412,1.0208
2091,0.495222,0.007862,0.0191,0.0018,0.0192,-0.8988,0.0021,0.8988,-0.4439,0.0039,0.4440,1.0076
2353,0.495095,0.007862,0.0196,0.0021,0.0197,-0.8980,0.0033,0.8980,-0.4456,0.0040,0.4456,1.0150
2616,0.494581,0.007862,0.0194,0.0020,0.0195,-0.8971,0.0072,0.8971,-0.4450,0.0096,0.4451,1.0175
2873,0.495855,0.007862,0.0199,0.0022,0.0200,-0.9005,0.0046,0.9005,-0.4440,0.0043,0.4440,1.0156
3137,0.494900,0.007862,0.0199,0.0017,0.0200,-0.8987,0.0030,0.8987,-0.4425,0.0042,0.4426,1.0094
3407,0.495331,0.007862,0.0186,0.0030,0.0189,-0.8989,0.0045,0.8989,-0.4441,0.0040,0.4441,1.0086
3678,0.494708,0.007862,0.0193,0.0016,0.0194,-0.8964,0.0049,0.8964,-0.4471,0.0066,0.4471,1.0118
3954,0.493845,0.007862,0.0202,0.0016,0.0203,-0.8945,0.0065,0.8945,-0.4476,0.0081,0.4477,1.0199
4213,0.494244,0.007862,0.0183,0.0025,0.0184,-0.8945,0.0065,0.8945,-0.4499,0.0101,0.4500,1.0241
4474,0.494846,0.007862,0.0184,0.0019,0.0185,-0.8962,0.0023,0.8962,-0.4479,0.0026,0.4479,1.0079
4731,0.494194,0.007862,0.0197,0.0013,0.0197,-0.8941,0.0026,0.8941,-0.4493,0.0027,0.4493,1.0076
4993,0.493234,0.007862,0.0196,0.0031,0.0198,-0.8926,0.0060,0.8926,-0.4478,0.0084,0.4479,1.0123
945,0.494423,0.007862,0.0184,0.0015,0.0185,-0.8919,0.0024,0.8919,-0.4561,0.0022,0.4561,1.0062
1199,0.494037,0.007862,0.0181,0.0011,0.0181,-0.8910,0.0017,0.8910,-0.4560,0.0021,0.4560,1.0064
1463,0.494099,0.007862,0.0183,0.0017,0.0184,-0.8913,0.0018,0.8913,-0.4554,0.0020,0.4554,1.0041
1718,0.493993,0.007862,0.0172,0.0014,0.0172,-0.8911,0.0017,0.8911,-0.4552,0.0017,0.4552,1.0055
1985,0.494508,0.007862,0.0181,0.0015,0.0182,-0.8920,0.0029,0.8920,-0.4563,0.0029,0.4564,1.0062
2250,0.494456,0.007862,0.0176,0.0015,0.0177,-0.8921,0.0023,0.8921,-0.4557,0.0029,0.4557,1.0067
2509,0.494271,0.007862,0.0168,0.0015,0.0169,-0.8915,0.0034,0.8915,-0.4561,0.0019,0.4561,1.0069
2779,0.493606,0.007862,0.0147,0.0034,0.0151,-0.8910,0.0139,0.8911,-0.4555,0.0089,0.4556,1.0350
3051,0.494096,0.007862,0.0218,0.0026,0.0219,-0.8917,0.0088,0.8917,-0.4562,0.0054,0.4562,1.0171
3310,0.494866,0.007862,0.0171,0.0016,0.0172,-0.8928,0.0037,0.8928,-0.4567,0.0041,0.4568,1.0101
3577,0.493396,0.007862,0.0137,0.0021,0.0139,-0.8900,0.0040,0.8900,-0.4543,0.0026,0.4543,1.0060
3839,0.494924,0.007862,0.0180,0.0024,0.0182,-0.8925,0.0027,0.8925,-0.4577,0.0020,0.4577,1.0076
4099,0.494503,0.007862,0.0202,0.0030,0.0204,-0.8918,0.0019,0.8918,-0.4568,0.0029,0.4568,1.0061
4359,0.498866,0.007862,0.0128,0.0101,0.0163,-0.9027,0.0135,0.9028,-0.4574,0.0116,0.4575,1.0573
4627,0.493186,0.007862,0.0261,0.0034,0.0264,-0.9221,0.0087,0.9221,-0.3707,0.0300,0.3719,1.0163
4895,0.502192,0.007862,0.0336,0.0104,0.0352,-0.9624,0.0096,0.9624,-0.3094,0.0591,0.3150,1.0461
