timestamp_ms,z1,z2,z3,z4,ground_truth_label
84835,0.000000,0.000000,0.006450,0.000000,0
85085,0.000000,0.000000,0.005882,0.000000,0
85338,0.000000,0.000000,0.005120,0.000000,0
85596,0.000000,0.000000,0.005384,0.000000,0
85845,0.000000,0.000000,0.005663,0.000000,0
86099,0.000000,0.000000,0.003683,0.000000,0
86355,0.000000,0.000000,0.005162,0.000000,0
86609,0.000000,0.000000,0.004599,0.000000,0
86865,0.000000,0.000000,0.005262,0.000000,0
87119,0.000000,0.000000,0.004071,0.000000,0
87391,0.000000,0.000000,0.005167,0.000000,0
87646,0.000000,0.000000,0.005297,0.000000,0
87893,0.000000,0.000000,0.005801,0.000000,0
88147,0.000000,0.000000,0.006253,0.000000,0
88404,0.000000,0.000000,0.004736,0.000000,0
88659,0.000000,0.000000,0.005884,0.000000,0
89025,0.000000,0.000000,0.005974,0.000000,0
89289,0.000000,0.000000,0.005374,0.000000,0
89549,0.000000,0.000000,0.005334,0.000000,0
89804,0.000000,0.000000,0.001952,0.000000,0
90059,0.000000,0.000000,0.006526,0.000000,0
90313,0.000000,0.000000,0.004859,0.000000,0
90569,0.000000,0.000000,0.005844,0.000000,0
90824,0.009033,0.000000,0.000000,0.000000,0
91081,0.000000,0.000000,0.005240,0.000000,0
91332,0.000000,0.000000,0.006549,0.000000,0
91586,0.002112,0.036073,0.000000,0.000000,0
91846,0.001307,0.000000,0.000000,0.000000,0
92096,0.000000,0.000000,0.007133,0.000000,0
92343,0.000000,0.000000,0.004892,0.000000,0
92598,0.000000,0.000000,0.003779,0.000000,0
92856,0.000000,0.121855,0.000000,0.000000,0
93112,0.000000,0.000000,0.005761,0.000000,0
93365,0.000000,0.000000,0.005875,0.000000,0
93735,0.000000,0.000000,0.005451,0.000000,0
93984,0.006795,0.000000,0.000000,0.000000,0
94238,0.000000,0.000000,0.005578,0.000000,0
94498,0.000000,0.000000,0.004863,0.000000,0
94756,0.000000,0.000000,0.006958,0.000000,0
95003,0.000000,0.095737,0.000000,0.000000,0
95264,0.000000,0.000000,0.006345,0.000000,0
95520,0.000000,0.000000,0.006031,0.000000,0
95774,0.000000,0.000000,0.004676,0.000000,0
96028,0.000000,0.000000,0.005947,0.000000,0
96285,0.000000,0.000000,0.006216,0.000000,0
96551,0.000000,0.000000,0.004955,0.000000,0
96812,0.000000,0.000000,0.004421,0.000000,0
97075,0.000000,0.000000,0.005850,0.000000,0
97323,0.000000,0.000000,0.006554,0.000000,0
97579,0.000000,0.000000,0.004632,0.000000,0
97834,0.000000,0.105310,0.000000,0.000000,0
98098,0.000000,0.000000,0.000652,0.000000,0
98454,0.000000,0.000000,0.000184,0.000000,0
98711,0.000000,0.000000,0.000000,0.000000,0
98968,0.000000,0.000000,0.002619,0.000000,0
99226,0.000000,0.000000,0.002591,0.000000,0
99486,0.000000,0.000000,0.004028,0.000000,0
99735,0.000000,0.000000,0.004665,0.000000,0
99989,0.009814,0.000000,0.000000,0.000000,0
100248,0.007114,0.000000,0.000000,0.000000,0
100510,0.000000,0.000000,0.017296,0.000000,0
100763,0.000000,0.000000,0.016466,0.000000,0
101014,0.000000,0.000000,0.016828,0.000000,0
101265,0.000000,0.087690,0.000000,0.000000,0
101529,0.000000,0.000000,0.017977,0.000000,0
101784,0.000000,0.000000,0.017512,0.000000,0
102038,0.000000,0.000000,0.017551,0.000000,0
102294,0.000000,0.000000,0.017364,0.000000,0
102551,0.000000,0.000000,0.017914,0.000000,0
102804,0.000000,0.000000,0.017734,0.000000,0
103163,0.000000,0.000000,0.017221,0.000000,0
103416,0.000000,0.000000,0.016322,0.000000,0
103664,0.000000,0.000000,0.017423,0.000000,0
103918,0.000000,0.000000,0.017585,0.000000,0
104174,0.000000,0.000000,0.016926,0.000000,0
104430,0.000000,0.000000,0.017955,0.000000,0
104687,0.000000,0.000000,0.017336,0.000000,0
104947,0.000000,0.000000,0.017850,0.000000,0
105196,0.000000,0.000000,0.017190,0.000000,0
105446,0.000000,0.000000,0.017414,0.000000,0
105695,0.000000,0.000000,0.017646,0.000000,0
105951,0.000000,0.000000,0.017256,0.000000,0
106211,0.000000,0.000000,0.017500,0.000000,0
106469,0.000000,0.000000,0.017125,0.000000,0
106726,0.000000,0.000000,0.017921,0.000000,0
106974,0.000000,0.000000,0.017602,0.000000,0
107337,0.000000,0.000000,0.017699,0.000000,0
107595,0.000000,0.000000,0.018102,0.000000,0
107842,0.000000,0.000000,0.017561,0.000000,0
108101,0.000000,0.000000,0.017635,0.000000,0
108357,0.000000,0.000000,0.017642,0.000000,0
108615,0.000000,0.000000,0.017736,0.000000,0
108869,0.000000,0.000000,0.018045,0.000000,0
109124,0.000000,0.000000,0.017165,0.000000,0
109379,0.000000,0.000000,0.017538,0.000000,0
109637,0.000000,0.000000,0.017751,0.000000,0
109884,0.000000,0.000000,0.017541,0.000000,0
110135,0.000000,0.000000,0.017946,0.000000,0
110391,0.000000,0.000000,0.018004,0.000000,0
110647,0.000000,0.000000,0.017808,0.000000,0
110896,0.000000,0.000000,0.017621,0.000000,0
111156,0.000000,0.000000,0.017859,0.000000,0
111519,0.000000,0.000000,0.018151,0.000000,0
111784,0.000000,0.000000,0.018162,0.000000,0
112033,0.000000,0.000000,0.018523,0.000000,0
112287,0.000000,0.000000,0.017758,0.000000,0
112543,0.000000,0.000000,0.017914,0.000000,0
112798,0.000000,0.000000,0.017763,0.000000,0
113054,0.000000,0.000000,0.016759,0.000000,0
113310,0.000000,0.000000,0.017329,0.000000,0
113563,0.000000,0.000000,0.017017,0.000000,0
113818,0.000000,0.000000,0.018075,0.000000,0
114079,0.000000,0.000000,0.017266,0.000000,0
114333,0.000000,0.000000,0.017415,0.000000,0
114595,0.000000,0.000000,0.018107,0.000000,0
114848,0.000000,0.000000,0.017964,0.000000,0
115103,0.000000,0.000000,0.018167,0.000000,0
115360,0.000000,0.000000,0.018076,0.000000,0
115737,0.000000,0.000000,0.018569,0.000000,0
115995,0.000000,0.000000,0.018534,0.000000,0
116251,0.000000,0.000000,0.018487,0.000000,0
116505,0.000000,0.000000,0.017531,0.000000,0
116753,0.000000,0.000000,0.018551,0.000000,0
117010,0.000000,0.000000,0.018433,0.000000,0
117268,0.000000,0.000000,0.018570,0.000000,0
117524,0.000000,0.000000,0.018683,0.000000,0
117781,0.000000,0.000000,0.018342,0.000000,0
118037,0.000000,0.000000,0.017899,0.000000,0
118288,0.000000,0.000000,0.017798,0.000000,0
118549,0.000000,0.000000,0.017358,0.000000,0
118810,0.000000,0.000000,0.018168,0.000000,0
119067,0.000000,0.000000,0.017593,0.000000,0
119323,0.000000,0.000000,0.018159,0.000000,0
119584,0.000000,0.000000,0.018519,0.000000,0
119954,0.000000,0.000000,0.018099,0.000000,0
120209,0.000000,0.000000,0.018661,0.000000,0
120469,0.000000,0.000000,0.018642,0.000000,0
120723,0.000000,0.000000,0.018473,0.000000,0
120982,0.000000,0.000000,0.018489,0.000000,0
121235,0.000000,0.000000,0.018586,0.000000,0
121486,0.000000,0.000000,0.018366,0.000000,0
121744,0.000000,0.000000,0.018609,0.000000,0
121997,0.000000,0.000000,0.018376,0.000000,0
122244,0.000000,0.000000,0.018413,0.000000,0
122498,0.000000,0.000000,0.018578,0.000000,0
122754,0.000000,0.000000,0.018436,0.000000,0
123008,0.000000,0.000000,0.018998,0.000000,0
123264,0.000000,0.000000,0.018546,0.000000,0
123534,0.000000,0.000000,0.018516,0.000000,0
123833,0.000000,0.000000,0.018749,0.000000,0
124204,0.000000,0.000000,0.019049,0.000000,0
124466,0.000000,0.000000,0.018612,0.000000,0
124714,0.000000,0.000000,0.018544,0.000000,0
124964,0.000000,0.000000,0.018777,0.000000,0
125239,0.000000,0.000000,0.018862,0.000000,0
125495,0.000000,0.000000,0.019183,0.000000,0
125743,0.000000,0.000000,0.018824,0.000000,0
125999,0.000000,0.000000,0.019237,0.000000,0
126254,0.000000,0.000000,0.019216,0.000000,0
126508,0.000000,0.000000,0.018435,0.000000,0
126765,0.000000,0.000000,0.019241,0.000000,0
127020,0.000000,0.000000,0.019213,0.000000,0
127285,0.000000,0.000000,0.018806,0.000000,0
127535,0.000000,0.000000,0.018987,0.000000,0
127784,0.000000,0.000000,0.018084,0.000000,0
128035,0.000000,0.000000,0.018962,0.000000,0
128405,0.000000,0.000000,0.018563,0.000000,0
128656,0.000000,0.000000,0.019295,0.000000,0
128905,0.000000,0.000000,0.019244,0.000000,0
129194,0.000000,0.000000,0.019318,0.000000,0
129445,0.000000,0.000000,0.019383,0.000000,0
129705,0.000000,0.000000,0.018795,0.000000,0
129955,0.000000,0.000000,0.018831,0.000000,0
130209,0.000000,0.000000,0.019179,0.000000,0
130466,0.000000,0.000000,0.019246,0.000000,0
130715,0.000000,0.000000,0.018799,0.000000,0
130966,0.000000,0.000000,0.018971,0.000000,0
131229,0.000000,0.000000,0.019073,0.000000,0
131487,0.000000,0.000000,0.019521,0.000000,0
131747,0.000000,0.000000,0.019164,0.000000,0
132004,0.000000,0.000000,0.019363,0.000000,0
132257,0.000000,0.000000,0.019082,0.000000,0
132621,0.000000,0.000000,0.019405,0.000000,0
132879,0.000000,0.000000,0.019482,0.000000,0
133134,0.000000,0.000000,0.019419,0.000000,0
133389,0.000000,0.000000,0.019233,0.000000,0
133646,0.000000,0.000000,0.019543,0.000000,0
133906,0.000000,0.000000,0.018704,0.000000,0
134154,0.000000,0.000000,0.019297,0.000000,0
134411,0.000000,0.000000,0.019023,0.000000,0
134677,0.000000,0.000000,0.019175,0.000000,0
134926,0.000000,0.000000,0.019019,0.000000,0
135187,0.000000,0.000000,0.019555,0.000000,0
135447,0.000000,0.000000,0.019384,0.000000,0
135695,0.000000,0.000000,0.019407,0.000000,0
135955,0.000000,0.000000,0.019214,0.000000,0
136212,0.000000,0.000000,0.018904,0.000000,0
136464,0.000000,0.000000,0.019153,0.000000,0
136836,0.000000,0.000000,0.019348,0.000000,0
137094,0.000000,0.000000,0.019672,0.000000,0
137349,0.000000,0.000000,0.018737,0.000000,0
137607,0.000000,0.000000,0.018992,0.000000,0
137868,0.000000,0.000000,0.019591,0.000000,0
138123,0.000000,0.000000,0.019336,0.000000,0
138378,0.000000,0.000000,0.019126,0.000000,0
138635,0.000000,0.000000,0.019048,0.000000,0
138889,0.000000,0.000000,0.019757,0.000000,0
139145,0.000000,0.000000,0.019576,0.000000,0
139398,0.000000,0.000000,0.019448,0.000000,0
139657,0.000000,0.000000,0.018857,0.000000,0
139905,0.000000,0.000000,0.019865,0.000000,0
140159,0.000000,0.000000,0.019589,0.000000,0
140417,0.000000,0.000000,0.019293,0.000000,0
140681,0.000000,0.000000,0.018918,0.000000,0
141055,0.000000,0.000000,0.019248,0.000000,0
141309,0.000000,0.000000,0.019470,0.000000,0
141565,0.000000,0.000000,0.019264,0.000000,0
141819,0.000000,0.000000,0.019769,0.000000,0
142078,0.000000,0.000000,0.020029,0.000000,0
142334,0.000000,0.000000,0.019654,0.000000,0
142598,0.000000,0.000000,0.019816,0.000000,0
142854,0.000000,0.000000,0.019438,0.000000,0
143109,0.000000,0.000000,0.019515,0.000000,0
143366,0.000000,0.000000,0.019654,0.000000,0
143624,0.000000,0.000000,0.019568,0.000000,0
143878,0.000000,0.000000,0.020017,0.000000,0
144140,0.000000,0.000000,0.019872,0.000000,0
144396,0.000000,0.000000,0.019750,0.000000,0
778,0.000000,0.000000,0.019712,0.000000,0
1037,0.000000,0.000000,0.019714,0.000000,0
1286,0.000000,0.000000,0.019522,0.000000,0
1541,0.000000,0.000000,0.019453,0.000000,0
1803,0.000000,0.000000,0.019848,0.000000,0
2057,0.000000,0.000000,0.019517,0.000000,0
2312,0.000000,0.000000,0.019132,0.000000,0
2568,0.000000,0.000000,0.019576,0.000000,0
2826,0.000000,0.000000,0.019348,0.000000,0
3081,0.000000,0.000000,0.019585,0.000000,0
3337,0.000000,0.000000,0.019609,0.000000,0
3591,0.000000,0.000000,0.019157,0.000000,0
3846,0.000000,0.000000,0.019331,0.000000,0
4100,0.000000,0.000000,0.019845,0.000000,0
4357,0.000000,0.000000,0.019059,0.000000,0
4612,0.000000,0.000000,0.017765,0.000000,0
4976,0.000000,0.000000,0.019843,0.000000,0
5236,0.000000,0.000000,0.019753,0.000000,0
5485,0.000000,0.000000,0.019530,0.000000,0
5740,0.000000,0.000000,0.019398,0.000000,0
5996,0.000000,0.000000,0.019592,0.000000,0
6251,0.000000,0.000000,0.019804,0.000000,0
6506,0.000000,0.000000,0.019405,0.000000,0
6762,0.000000,0.000000,0.019723,0.000000,0
7017,0.000000,0.000000,0.018999,0.000000,0
7268,0.000000,0.000000,0.019690,0.000000,0
7516,0.000000,0.000000,0.019287,0.000000,0
7771,0.000000,0.000000,0.019534,0.000000,0
8025,0.000000,0.000000,0.019732,0.000000,0
8280,0.000000,0.000000,0.019905,0.000000,0
8540,0.000000,0.000000,0.019455,0.000000,0
8797,0.000000,0.000000,0.019899,0.000000,0
9155,0.000000,0.000000,0.019400,0.000000,0
9414,0.000000,0.000000,0.019708,0.000000,0
9666,0.000000,0.000000,0.019500,0.000000,0
9919,0.000000,0.000000,0.019758,0.000000,0
10171,0.000000,0.000000,0.019986,0.000000,0
10426,0.000000,0.000000,0.019558,0.000000,0
10680,0.000000,0.000000,0.019637,0.000000,0
10937,0.000000,0.000000,0.019258,0.000000,0
11190,0.000000,0.000000,0.019236,0.000000,0
11447,0.000000,0.000000,0.019573,0.000000,0
11696,0.000000,0.000000,0.018612,0.000000,0
11950,0.000000,0.000000,0.018387,0.000000,0
12209,0.000000,0.000000,0.018387,0.000000,0
12466,0.000000,0.000000,0.019579,0.000000,0
12733,0.000000,0.000000,0.019353,0.000000,0
12986,0.000000,0.000000,0.020045,0.000000,0
13352,0.000000,0.000000,0.019224,0.000000,0
13608,0.000000,0.000000,0.019333,0.000000,0
13856,0.000000,0.000000,0.018662,0.000000,0
14111,0.000000,0.000000,0.019828,0.000000,0
14366,0.000000,0.000000,0.019769,0.000000,0
14621,0.000000,0.000000,0.018706,0.000000,0
14876,0.000000,0.000000,0.015398,0.000000,0
15137,0.000000,0.000000,0.019502,0.000000,0
15391,0.000000,0.000000,0.019541,0.000000,0
15646,0.000000,0.000000,0.019017,0.000000,0
15899,0.000000,0.000000,0.019702,0.000000,0
16146,0.000000,0.000000,0.019838,0.000000,0
16410,0.000000,0.000000,0.019512,0.000000,0
16667,0.000000,0.000000,0.018261,0.000000,0
16921,0.000000,0.000000,0.018375,0.000000,0
17183,0.000000,0.000000,0.019357,0.000000,0
17549,0.000000,0.000000,0.018803,0.000000,0
17806,0.000000,0.000000,0.019783,0.000000,0
18063,0.000000,0.000000,0.019106,0.000000,0
18328,0.000000,0.000000,0.017348,0.000000,0
18575,0.000000,0.000000,0.019893,0.000000,0
18829,0.000000,0.000000,0.019700,0.000000,0
19086,0.000000,0.000000,0.019340,0.000000,0
19341,0.000000,0.000000,0.018194,0.000000,0
19596,0.000000,0.000000,0.019747,0.000000,0
19852,0.015053,0.052511,0.000000,0.000000,0
921,0.000000,0.000000,0.020211,0.000000,0
1218,0.000000,0.000000,0.020083,0.000000,0
1468,0.000000,0.000000,0.020080,0.000000,0
1720,0.000000,0.000000,0.019517,0.000000,0
1970,0.000000,0.000000,0.019920,0.000000,0
2220,0.000000,0.000000,0.020185,0.000000,0
2468,0.000000,0.000000,0.019868,0.000000,0
2719,0.000000,0.000000,0.019981,0.000000,0
2969,0.000000,0.000000,0.020115,0.000000,0
3228,0.000000,0.000000,0.020088,0.000000,0
3477,0.000000,0.000000,0.019912,0.000000,0
3728,0.000000,0.000000,0.020149,0.000000,0
3978,0.000000,0.000000,0.020078,0.000000,0
4228,0.000000,0.000000,0.019994,0.000000,0
4480,0.000000,0.000000,0.019824,0.000000,0
4728,0.000000,0.000000,0.019825,0.000000,0
911,0.000000,0.000000,0.018882,0.000000,0
1168,0.000000,0.000000,0.018913,0.000000,0
1427,0.000000,0.000000,0.019712,0.000000,0
1677,0.000000,0.000000,0.019002,0.000000,0
1932,0.000000,0.000000,0.019154,0.000000,0
2191,0.000000,0.000000,0.019529,0.000000,0
2449,0.000000,0.000000,0.019172,0.000000,0
2710,0.000000,0.000000,0.019587,0.000000,0
2965,0.000000,0.000000,0.019617,0.000000,0
3233,0.000000,0.000000,0.019180,0.000000,0
3490,0.000000,0.000000,0.019115,0.000000,0
3746,0.000000,0.000000,0.018592,0.000000,0
4001,0.000000,0.000000,0.019124,0.000000,0
4256,0.000000,0.000000,0.019426,0.000000,0
4511,0.000000,0.000000,0.019245,0.000000,0
4766,0.000000,0.000000,0.019421,0.000000,0
5136,0.000000,0.000000,0.019598,0.000000,0
5387,0.000000,0.000000,0.019331,0.000000,0
5641,0.000000,0.000000,0.019803,0.000000,0
5896,0.000000,0.000000,0.019611,0.000000,0
6155,0.000000,0.000000,0.019664,0.000000,0
6411,0.000000,0.000000,0.018986,0.000000,0
6670,0.000000,0.000000,0.019222,0.000000,0
6927,0.000000,0.000000,0.019470,0.000000,0
7193,0.000000,0.000000,0.018851,0.000000,0
7452,0.000000,0.000000,0.019063,0.000000,0
7707,0.000000,0.000000,0.019448,0.000000,0
7955,0.000000,0.000000,0.019281,0.000000,0
8210,0.000000,0.000000,0.019682,0.000000,0
8465,0.000000,0.000000,0.019491,0.000000,0
8720,0.000000,0.000000,0.018396,0.000000,0
8979,0.000000,0.000000,0.019645,0.000000,0
9345,0.000000,0.000000,0.019023,0.000000,0
9601,0.000000,0.000000,0.015002,0.000000,0
9856,0.000000,0.000000,0.018865,0.000000,0
10112,0.000000,0.000000,0.019448,0.000000,0
10366,0.000000,0.000000,0.019617,0.000000,0
10620,0.000000,0.000000,0.017260,0.000000,0
10876,0.000000,0.000000,0.019255,0.000000,0
11139,0.000000,0.000000,0.018704,0.000000,0
11395,0.000000,0.000000,0.019486,0.000000,0
11653,0.000000,0.000000,0.019920,0.000000,0
11910,0.000000,0.000000,0.019259,0.000000,0
12170,0.000000,0.000000,0.018098,0.000000,0
12425,0.000000,0.000000,0.018961,0.000000,0
12680,0.000000,0.000000,0.019206,0.000000,0
12935,0.000000,0.000000,0.016276,0.000000,0
13190,0.000000,0.000000,0.019770,0.000000,0
13560,0.000000,0.000000,0.018639,0.000000,0
13815,0.000000,0.000000,0.018036,0.000000,0
14070,0.000000,0.000000,0.015113,0.000000,0
14325,0.000000,0.000000,0.018736,0.000000,0
14582,0.000000,0.000000,0.019214,0.000000,0
14836,0.000000,0.000000,0.019441,0.000000,0
15098,0.000000,0.000000,0.019173,0.000000,0
15356,0.000000,0.000000,0.019437,0.000000,0
15611,0.000000,0.000000,0.019137,0.000000,0
15868,0.000000,0.000000,0.019954,0.000000,0
16119,0.000000,0.000000,0.018404,0.000000,0
16377,0.000000,0.000000,0.019826,0.000000,0
16625,0.000000,0.000000,0.009653,0.000000,0
16885,0.000000,0.000000,0.010645,0.000000,0
17138,0.000000,0.000000,0.012583,0.000000,0
17387,0.000000,0.000000,0.017949,0.000000,0
17756,0.000000,0.000000,0.018849,0.000000,0
18006,0.000000,0.000000,0.018783,0.000000,0
18259,0.000000,0.000000,0.019123,0.000000,0
18516,0.000000,0.000000,0.010385,0.000000,0
18770,0.000000,0.000000,0.019117,0.000000,0
19031,0.000000,0.000000,0.018981,0.000000,0
61277,0.000000,0.000000,0.009043,0.000000,0
61516,0.000000,0.000000,0.010550,0.000000,0
61771,0.000000,0.000000,0.010490,0.000000,0
62027,0.000000,0.000000,0.010543,0.000000,0
62275,0.000000,0.000000,0.010463,0.000000,0
62531,0.000000,0.000000,0.010482,0.000000,0
62786,0.000000,0.000000,0.010682,0.000000,0
63039,0.000000,0.000000,0.010577,0.000000,0
63296,0.000000,0.000000,0.010561,0.000000,0
63552,0.000000,0.000000,0.010470,0.000000,0
63806,0.000000,0.000000,0.010534,0.000000,0
64061,0.000000,0.000000,0.010561,0.000000,0
64322,0.000000,0.000000,0.010703,0.000000,0
64579,0.000000,0.000000,0.010652,0.000000,0
64835,0.000000,0.000000,0.010269,0.000000,0
65089,0.000000,0.000000,0.010291,0.000000,0
65457,0.000000,0.000000,0.011038,0.000000,0
65710,0.000000,0.000000,0.011047,0.000000,0
65966,0.000000,0.000000,0.010858,0.000000,0
66222,0.000000,0.000000,0.011093,0.000000,0
66481,0.000000,0.000000,0.010989,0.000000,0
66738,0.000000,0.000000,0.010983,0.000000,0
67002,0.000000,0.000000,0.010896,0.000000,0
67263,0.000000,0.000000,0.011131,0.000000,0
67522,0.000000,0.000000,0.011014,0.000000,0
67777,0.000000,0.000000,0.010784,0.000000,0
68034,0.000000,0.000000,0.011005,0.000000,0
68291,0.000000,0.000000,0.011008,0.000000,0
68545,0.000000,0.000000,0.010862,0.000000,0
68799,0.000000,0.000000,0.009274,0.000000,0
69046,0.000000,0.000000,0.008355,0.000000,0
69299,0.000000,0.000000,0.011137,0.000000,0
69668,0.000000,0.000000,0.010326,0.000000,0
69917,0.000000,0.000000,0.011428,0.000000,0
70166,0.000000,0.000000,0.011281,0.000000,0
70417,0.000000,0.000000,0.011616,0.000000,0
70669,0.000000,0.000000,0.011334,0.000000,0
70916,0.000000,0.000000,0.011290,0.000000,0
71172,0.000000,0.114802,0.000000,0.000000,0
71436,0.000000,0.000000,0.010015,0.000000,0
71691,0.000000,0.000000,0.010731,0.000000,0
71951,0.000000,0.000000,0.010912,0.000000,0
72206,0.000000,0.000000,0.011520,0.000000,0
72460,0.000000,0.000000,0.011468,0.000000,0
72716,0.000000,0.000000,0.011544,0.000000,0
72973,0.000000,0.000000,0.011221,0.000000,0
73233,0.000000,0.000000,0.011588,0.000000,0
73493,0.000000,0.182221,0.000000,0.000000,0
73756,0.000000,0.000000,0.009845,0.000000,0
74006,0.000000,0.000000,0.010972,0.000000,0
74365,0.000000,0.000000,0.011440,0.000000,0
74617,0.000000,0.000000,0.011779,0.000000,0
74871,0.000000,0.000000,0.011489,0.000000,0
75127,0.000919,0.000000,0.000000,0.000000,0
75381,0.000000,0.000000,0.011630,0.000000,0
75637,0.000000,0.000000,0.011506,0.000000,0
75892,0.000000,0.000000,0.011364,0.000000,0
76147,0.000000,0.000000,0.011520,0.000000,0
76406,0.000000,0.000000,0.011456,0.000000,0
76660,0.000000,0.000000,0.011530,0.000000,0
76916,0.000000,0.000000,0.011366,0.000000,0
77169,0.000000,0.000000,0.010896,0.000000,0
77418,0.000000,0.000000,0.009124,0.000000,0
77666,0.000000,0.000000,0.010426,0.000000,0
77921,0.000000,0.000000,0.008599,0.000000,0
78179,0.000000,0.000000,0.006850,0.000000,0
78547,0.000000,0.000000,0.010106,0.000000,0
78809,0.000000,0.000000,0.008398,0.000000,0
79066,0.000000,0.000000,0.005830,0.000000,0
79320,0.000000,0.000000,0.006193,0.000000,0
79577,0.000000,0.000000,0.006167,0.000000,0
79830,0.000000,0.000000,0.004809,0.000000,0
80088,0.000000,0.000000,0.004765,0.000000,0
80334,0.000000,0.000000,0.004936,0.000000,0
80589,0.000000,0.000000,0.005237,0.000000,0
80837,0.000000,0.000000,0.004119,0.000000,0
81102,0.000000,0.000000,0.000000,0.000000,0
81358,0.000000,0.000000,0.001368,0.000000,0
81606,0.000000,0.000000,0.004480,0.000000,0
81861,0.000000,0.000000,0.004449,0.000000,0
82115,0.000000,0.000000,0.004501,0.000000,0
82365,0.000000,0.000000,0.005707,0.000000,0
82739,0.000000,0.000000,0.004701,0.000000,0
82987,0.000000,0.000000,0.003982,0.000000,0
83240,0.000000,0.000000,0.009903,0.000000,0
83495,0.000000,0.000000,0.005867,0.000000,0
83749,0.000000,0.000000,0.008788,0.000000,0
84006,0.000000,0.000000,0.007864,0.000000,0
84256,0.000000,0.000000,0.007624,0.000000,0
84511,0.000000,0.018369,0.000000,0.000000,0
84766,0.000000,0.000000,0.000000,0.000000,0
85032,0.000000,0.000000,0.000000,0.000000,0
85287,0.000000,0.000000,0.000000,0.000000,0
85542,0.009380,0.000000,0.000000,0.000000,0
85800,0.012257,0.000000,0.002650,0.000000,0
86057,0.000000,0.000000,0.000000,0.000000,0
86310,0.001361,0.000000,0.000000,0.000000,0
86569,0.009767,0.000000,0.002074,0.000000,0
86947,0.000649,0.000000,0.002948,0.000000,0
87195,0.000000,0.000000,0.000000,0.000000,0
87451,0.000000,0.000000,0.000000,0.000000,0
87706,0.000000,0.000000,0.002108,0.000000,0
87960,0.000000,0.000000,0.000000,0.000000,0
88217,0.000720,0.000000,0.000474,0.000000,0
88471,0.008281,0.000000,0.002535,0.000000,0
88733,0.000000,0.000000,0.000000,0.000000,0
88991,0.000000,0.000000,0.000000,0.000000,0
89247,0.004637,0.000000,0.000000,0.000000,0
89495,0.000000,0.000000,0.000682,0.000000,0
89749,0.000574,0.000000,0.000000,0.000000,0
90042,0.003217,0.000000,0.000000,0.000000,0
90301,0.004488,0.000000,0.001383,0.000000,0
90557,0.005785,0.000000,0.000000,0.000000,0
90806,0.000000,0.000000,0.001077,0.000000,0
91178,0.000000,0.000000,0.000000,0.000000,0
930,0.000000,0.000000,0.000000,0.000000,0
1189,0.000000,0.000000,0.000000,0.000000,0
1442,0.000000,0.000000,0.000000,0.000000,0
1698,0.000000,0.000000,0.000000,0.000000,0
1953,0.000000,0.000000,0.000000,0.000000,0
2210,0.000000,0.000000,0.000000,0.000000,0
2468,0.000000,0.000000,0.000000,0.000000,0
2727,0.000000,0.000000,0.000000,0.000000,0
2983,0.000000,0.000000,0.000000,0.000000,0
3249,0.000000,0.000000,0.000000,0.000000,0
3504,0.000000,0.000000,0.000000,0.000000,0
3759,0.000000,0.156151,0.000000,0.000000,0
4013,0.002255,0.000000,0.000000,0.000000,0
4269,0.000000,0.000000,0.000000,0.000000,0
4524,0.000000,0.000000,0.000000,0.000000,0
4778,0.000000,0.000000,0.000000,0.000000,0
5035,0.000000,0.000000,0.000000,0.000000,0
5417,0.000000,0.000000,0.000000,0.000000,0
5673,0.001041,0.000000,0.000000,0.000000,0
5926,0.000000,0.020977,0.000000,0.000000,0
6175,0.000000,0.000000,0.000000,0.000000,0
6429,0.000000,0.156786,0.000000,0.000000,0
6694,0.000000,0.000000,0.000000,0.000000,0
6949,0.000000,0.000000,0.000000,0.000000,0
7205,0.000000,0.000000,0.000000,0.000000,0
7455,0.000000,0.000000,0.000000,0.000000,0
7710,0.000000,0.000000,0.000000,0.000000,0
7965,0.001851,0.000000,0.000000,0.000000,0
8214,0.000000,0.000000,0.000000,0.000000,0
8470,0.000000,0.000000,0.000000,0.000000,0
8730,0.000000,0.000000,0.000000,0.000000,0
8986,0.000000,0.000000,0.000000,0.000000,0
9239,0.000000,0.000000,0.000000,0.000000,0
9495,0.000000,0.000000,0.000000,0.000000,0
9854,0.000000,0.000000,0.000000,0.000000,0
10113,0.000000,0.000000,0.000000,0.000000,0
10369,0.000000,0.000000,0.000000,0.000000,0
10624,0.000000,0.000000,0.000000,0.000000,0
10876,0.000000,0.000000,0.000000,0.000000,0
11126,0.000000,0.006468,0.000000,0.000000,0
11372,0.000000,0.000000,0.000000,0.000000,0
11627,0.000000,0.000000,0.000000,0.000000,0
11885,0.000000,0.000000,0.000000,0.000000,0
12134,0.000000,0.000000,0.000000,0.000000,0
12390,0.000000,0.000000,0.000000,0.000000,0
12643,0.000000,0.000000,0.000000,0.000000,0
12895,0.006564,0.000000,0.000000,0.000000,0
13147,0.002447,0.000000,0.000000,0.000000,0
13394,0.000000,0.000000,0.000000,0.000000,0
13649,0.000000,0.000000,0.000000,0.000000,0
14015,0.000000,0.000000,0.000000,0.000000,0
14270,0.014022,0.000000,0.000000,0.000000,0
14524,0.008656,0.000000,0.000000,0.000000,0
14785,0.007167,0.000000,0.001232,0.000000,0
15043,0.005134,0.000000,0.001133,0.000000,0
15299,0.000000,0.000000,0.000000,0.000000,0
15558,0.000000,0.000000,0.000000,0.000000,0
15813,0.000000,0.000000,0.000000,0.000000,0
16069,0.000000,0.000000,0.000000,0.000000,0
16326,0.000000,0.000000,0.000000,0.000000,0
16573,0.000000,0.000000,0.000000,0.000000,0
16837,0.000000,0.000000,0.000000,0.000000,0
17094,0.000000,0.000000,0.000000,0.000000,0
17344,0.000000,0.000000,0.000000,0.000000,0
17592,0.000000,0.000000,0.000000,0.000000,0
17847,0.000000,0.000000,0.000000,0.000000,0
18212,0.001746,0.000000,0.000000,0.000000,0
18465,0.003290,0.000000,0.001022,0.000000,0
18720,0.000000,0.000000,0.000000,0.000000,0
18977,0.000000,0.000000,0.000000,0.000000,0
19233,0.000000,0.000000,0.000000,0.000000,0
19488,0.000000,0.000000,0.000000,0.000000,0
19745,0.000000,0.000000,0.000000,0.000000,0
19993,0.000000,0.000000,0.000000,0.000000,0
20245,0.000000,0.000000,0.000000,0.000000,0
20494,0.000000,0.000000,0.000000,0.000000,0
20744,0.000000,0.000000,0.000000,0.000000,0
20995,0.000000,0.000000,0.000000,0.000000,0
21249,0.000000,0.000000,0.000000,0.000000,0
21504,0.000000,0.000000,0.000000,0.000000,0
21761,0.000000,0.000000,0.000000,0.000000,0
22016,0.000000,0.000000,0.000000,0.000000,0
22385,0.000000,0.000000,0.000000,0.000000,0
22636,0.000000,0.000000,0.000000,0.000000,0
22894,0.000000,0.000000,0.000000,0.000000,0
23147,0.000000,0.000000,0.000000,0.000000,0
23395,0.000000,0.000000,0.000000,0.000000,0
23653,0.000000,0.000000,0.000000,0.000000,0
23908,0.000000,0.000000,0.000000,0.000000,0
24163,0.000000,0.000000,0.000000,0.000000,0
24414,0.000000,0.000000,0.000000,0.000000,0
24668,0.000000,0.000000,0.000000,0.000000,0
24923,0.000000,0.000000,0.000000,0.000000,0
25175,0.000000,0.000000,0.000000,0.000000,0
25429,0.000000,0.000000,0.000000,0.000000,0
25684,0.000000,0.000000,0.000000,0.000000,0
25938,0.000000,0.000000,0.000000,0.000000,0
26194,0.000000,0.000000,0.000000,0.000000,0
26555,0.000000,0.000000,0.000000,0.000000,0
26805,0.000000,0.000000,0.000000,0.000000,0
27057,0.000000,0.000000,0.000000,0.000000,0
27316,0.000000,0.000000,0.000000,0.000000,0
27576,0.000000,0.000000,0.000000,0.000000,0
27834,0.000000,0.000000,0.000000,0.000000,0
28089,0.000000,0.000000,0.000000,0.000000,0
28345,0.000000,0.000000,0.000000,0.000000,0
28594,0.000000,0.000000,0.000000,0.000000,0
28860,0.000000,0.000000,0.000000,0.000000,0
29114,0.000000,0.000000,0.000000,0.000000,0
29376,0.000000,0.000000,0.000000,0.000000,0
29624,0.000000,0.000000,0.000000,0.000000,0
29875,0.000000,0.000000,0.000000,0.000000,0
30127,0.000000,0.000000,0.000000,0.000000,0
30390,0.000000,0.000000,0.000000,0.000000,0
30753,0.000000,0.000000,0.000000,0.000000,0
31008,0.000000,0.000000,0.000000,0.000000,0
31264,0.000000,0.000000,0.000000,0.000000,0
31515,0.000000,0.000000,0.000000,0.000000,0
31764,0.000000,0.000000,0.000000,0.000000,0
32053,0.000000,0.000000,0.000000,0.000000,0
32313,0.000000,0.000000,0.000000,0.000000,0
32569,0.000000,0.000000,0.000000,0.000000,0
32823,0.000000,0.000000,0.000000,0.000000,0
33077,0.000000,0.074364,0.000000,0.000000,0
33334,0.007714,0.010928,0.000000,0.000000,0
33587,0.008475,0.000000,0.000000,0.000000,0
33834,0.002550,0.000000,0.000000,0.000000,0
34083,0.000724,0.000000,0.000000,0.000000,0
34339,0.000000,0.000000,0.000000,0.000000,0
34593,0.000000,0.000000,0.000000,0.000000,0
34848,0.000000,0.000000,0.000000,0.000000,0
35219,0.000000,0.000000,0.000000,0.000000,0
35475,0.000000,0.000000,0.000000,0.000000,0
35741,0.000000,0.000000,0.000000,0.000000,0
35995,0.000000,0.000000,0.000000,0.000000,0
36249,0.000000,0.000000,0.000000,0.000000,0
36504,0.000000,0.000000,0.000000,0.000000,0
36758,0.000000,0.000000,0.000000,0.000000,0
37014,0.000000,0.000000,0.000000,0.000000,0
37269,0.000000,0.000000,0.000000,0.000000,0
37525,0.000000,0.000000,0.000000,0.000000,0
37778,0.000000,0.000000,0.000000,0.000000,0
38041,0.000000,0.000000,0.000000,0.000000,0
38298,0.000000,0.000000,0.002225,0.000000,0
38555,0.000000,0.000000,0.000000,0.000000,0
38805,0.000000,0.000000,0.000000,0.000000,0
39053,0.000000,0.000000,0.000000,0.000000,0
39420,0.000000,0.000000,0.000000,0.000000,0
39673,0.000000,0.000000,0.000000,0.000000,0
39925,0.000000,0.000000,0.000000,0.000000,0
778,0.000000,0.492082,0.000000,0.000000,0
1037,0.000000,0.492871,0.000000,0.000000,0
1296,0.000000,0.492551,0.000000,0.000000,0
1557,0.000000,0.492397,0.000000,0.000000,0
1822,0.000000,0.493326,0.000000,0.000000,0
2087,0.000000,0.492599,0.000000,0.000000,0
2350,0.000000,0.493460,0.000000,0.000000,0
2616,0.000000,0.494050,0.000000,0.000000,0
2876,0.000000,0.496427,0.000000,0.000000,0
3136,0.000000,0.493952,0.000000,0.000000,0
3397,0.000000,0.495726,0.000000,0.000000,0
3667,0.000000,0.495227,0.000000,0.000000,0
3937,0.000000,0.494704,0.000000,0.000000,0
4206,0.000000,0.495664,0.000000,0.000000,0
4466,0.000000,0.494723,0.000000,0.000000,0
4740,0.000000,0.495757,0.000000,0.000000,0
919,0.123188,0.000000,0.000000,0.000000,0
1183,0.117692,0.000000,0.000000,0.000000,0
1442,0.122447,0.000000,0.000000,0.000000,0
1699,0.117913,0.000000,0.000000,0.000000,0
1959,0.117315,0.000000,0.000000,0.000000,0
2223,0.116960,0.000000,0.000000,0.000000,0
2492,0.119259,0.000000,0.000000,0.000000,0
2757,0.118329,0.000000,0.000000,0.000000,0
3032,0.117718,0.000000,0.000000,0.000000,0
3299,0.117346,0.000000,0.000000,0.000000,0
3559,0.117469,0.000000,0.000000,0.000000,0
3819,0.122870,0.000000,0.000000,0.000000,0
4084,0.122297,0.000000,0.000000,0.000000,0
4354,0.119559,0.000000,0.000000,0.000000,0
4623,0.118810,0.000000,0.000000,0.000000,0
4902,0.120519,0.000000,0.000000,0.000000,0
5176,0.118728,0.000000,0.000000,0.000000,0
5438,0.118011,0.000000,0.000000,0.000000,0
5697,0.118079,0.000000,0.000000,0.000000,0
5959,0.117198,0.000000,0.000000,0.000000,0
6227,0.116074,0.000000,0.000000,0.000000,0
6493,0.117253,0.000000,0.000000,0.000000,0
6758,0.118397,0.000000,0.000000,0.000000,0
7022,0.117271,0.000000,0.000000,0.000000,0
7288,0.118055,0.000000,0.000000,0.000000,0
7554,0.121191,0.000000,0.000000,0.000000,0
7821,0.119484,0.000000,0.000000,0.000000,0
8091,0.117229,0.000000,0.000000,0.000000,0
8358,0.117743,0.000000,0.000000,0.000000,0
8634,0.118905,0.000000,0.000000,0.000000,0
8898,0.120747,0.000000,0.000000,0.000000,0
9162,0.120604,0.000000,0.000000,0.000000,0
9419,0.117869,0.000000,0.000000,0.000000,0
9682,0.119958,0.000000,0.000000,0.000000,0
9943,0.121175,0.000000,0.000000,0.000000,0
10213,0.119213,0.000000,0.000000,0.000000,0
10482,0.117218,0.000000,0.000000,0.000000,0
10740,0.122203,0.000000,0.000000,0.000000,0
11009,0.120338,0.000000,0.000000,0.000000,0
11272,0.117148,0.000000,0.000000,0.000000,0
11529,0.117719,0.000000,0.000000,0.000000,0
11793,0.117439,0.000000,0.000000,0.000000,0
12069,0.121465,0.000000,0.000000,0.000000,0
12329,0.118999,0.000000,0.000000,0.000000,0
12589,0.116720,0.000000,0.000000,0.000000,0
12848,0.119220,0.000000,0.000000,0.000000,0
13108,0.119126,0.000000,0.000000,0.000000,0
13368,0.119946,0.000000,0.000000,0.000000,0
13630,0.120494,0.000000,0.000000,0.000000,0
13888,0.118108,0.000000,0.000000,0.000000,0
14157,0.117237,0.000000,0.000000,0.000000,0
14419,0.120166,0.000000,0.000000,0.000000,0
14683,0.118440,0.000000,0.000000,0.000000,0
14950,0.116915,0.000000,0.000000,0.000000,0
15220,0.116054,0.000000,0.000000,0.000000,0
15484,0.115732,0.000000,0.000000,0.000000,0
15754,0.115754,0.000000,0.000000,0.000000,0
16031,0.115790,0.000000,0.000000,0.000000,0
16300,0.116077,0.000000,0.000000,0.000000,0
16572,0.116858,0.000000,0.000000,0.000000,0
16838,0.115449,0.000000,0.000000,0.000000,0
17101,0.116125,0.000000,0.000000,0.000000,0
17365,0.116457,0.000000,0.000000,0.000000,0
17633,0.115951,0.000000,0.000000,0.000000,0
17899,0.115880,0.000000,0.000000,0.000000,0
18159,0.116129,0.000000,0.000000,0.000000,0
18419,0.115498,0.000000,0.000000,0.000000,0
18680,0.116201,0.000000,0.000000,0.000000,0
18948,0.115159,0.000000,0.000000,0.000000,0
19219,0.116175,0.000000,0.000000,0.000000,0
19479,0.117218,0.000000,0.000000,0.000000,0
19746,0.116843,0.000000,0.000000,0.000000,0
20010,0.117509,0.000000,0.000000,0.000000,0
20280,0.116190,0.000000,0.000000,0.000000,0
20543,0.116103,0.000000,0.000000,0.000000,0
917,0.202514,0.000000,0.000000,0.000000,0
1178,0.199410,0.000000,0.000000,0.000000,0
1433,0.213081,0.000000,0.000000,0.000000,0
1693,0.212139,0.000000,0.000000,0.000000,0
1957,0.223538,0.000000,0.000000,0.000000,0
2214,0.169542,0.000000,0.000000,0.000000,0
2476,0.208794,0.000000,0.000000,0.000000,0
2748,0.223528,0.000000,0.000000,0.000000,0
3013,0.161519,0.000000,0.000000,0.000000,0
3284,0.230203,0.000000,0.000000,0.000000,0
3546,0.219313,0.000000,0.000000,0.000000,0
3804,0.211489,0.000000,0.000000,0.000000,0
4069,0.197426,0.000000,0.000000,0.000000,0
4336,0.189795,0.000000,0.000000,0.000000,0
4595,0.193039,0.000000,0.000000,0.000000,0
4864,0.187249,0.000000,0.000000,0.000000,0
5123,0.191410,0.000000,0.000000,0.000000,0
5384,0.146734,0.000000,0.000000,0.000000,0
5643,0.196310,0.000000,0.000000,0.000000,0
5906,0.173635,0.000000,0.000000,0.000000,0
6164,0.185287,0.000000,0.000000,0.000000,0
6426,0.191384,0.000000,0.000000,0.000000,0
6692,0.178830,0.000000,0.000000,0.000000,0
6952,0.200604,0.000000,0.000000,0.000000,0
7216,0.212437,0.000000,0.000000,0.000000,0
7486,0.207368,0.000000,0.000000,0.000000,0
7753,0.186627,0.000000,0.000000,0.000000,0
8013,0.192108,0.000000,0.000000,0.000000,0
8277,0.135576,0.000000,0.000000,0.000000,0
8550,0.145028,0.000000,0.000000,0.000000,0
8819,0.179512,0.000000,0.000000,0.000000,0
9088,0.177370,0.000000,0.000000,0.000000,0
9353,0.169186,0.000000,0.000000,0.000000,0
9616,0.164025,0.000000,0.000000,0.000000,0
9873,0.150556,0.000000,0.000000,0.000000,0
10139,0.118357,0.000000,0.000000,0.000000,0
10406,0.110205,0.000000,0.000000,0.000000,0
10666,0.111738,0.000000,0.000000,0.000000,0
10933,0.110838,0.000000,0.000000,0.000000,0
11198,0.110497,0.000000,0.000000,0.000000,0
11467,0.112326,0.000000,0.000000,0.000000,0
11735,0.110303,0.000000,0.000000,0.000000,0
12006,0.071261,0.000000,0.000000,0.000000,0
12269,0.184784,0.000000,0.000000,0.000000,0
12533,0.236036,0.000000,0.000000,0.000000,0
12796,0.209279,0.000000,0.000000,0.000000,0
13055,0.218881,0.000000,0.000000,0.000000,0
13324,0.229557,0.000000,0.000000,0.000000,0
13594,0.219255,0.000000,0.000000,0.000000,0
13862,0.219182,0.000000,0.000000,0.000000,0
14128,0.253945,0.000000,0.000000,0.007346,0
14393,0.206803,0.000000,0.000000,0.000000,0
14653,0.155047,0.000000,0.000000,0.052947,0
14919,0.213024,0.000000,0.000000,0.000000,0
15193,0.088871,0.000000,0.000000,0.000000,0
15453,0.144239,0.000000,0.000000,0.000000,0
15712,0.220083,0.000000,0.000000,0.008736,0
15979,0.247400,0.000000,0.000000,0.000000,0
16243,0.282916,0.000000,0.000000,0.000000,0
16506,0.261795,0.000000,0.000000,0.000000,0
16764,0.238913,0.000000,0.000000,0.000000,0
17027,0.111691,0.000000,0.000000,0.000000,0
17295,0.195859,0.000000,0.000000,0.000000,0
17552,0.164448,0.000000,0.000000,0.000000,0
17824,0.190108,0.000000,0.000000,0.000000,0
18087,0.000000,0.005256,0.000000,0.000000,0
18355,0.189442,0.000000,0.000000,0.000000,0
18613,0.231912,0.000000,0.000000,0.000000,0
18877,0.137436,0.000000,0.000000,0.000000,0
19143,0.000000,0.000000,0.000000,0.000000,0
19406,0.025000,0.000000,0.000000,0.000000,0
19664,0.132051,0.000000,0.000000,0.000000,0
19929,0.153160,0.000000,0.000000,0.000000,0
20195,0.054916,0.000000,0.000000,0.000000,0
20458,0.223832,0.000000,0.000000,0.000000,0
20727,0.245106,0.000000,0.000000,0.000000,0
20997,0.000000,0.412804,0.000000,0.000000,0
21254,0.194233,0.000000,0.000000,0.000000,0
21526,0.300869,0.000000,0.000000,0.000000,0
21797,0.219682,0.000000,0.000000,0.000000,0
22066,0.228237,0.000000,0.000000,0.000000,0
22333,0.277422,0.000000,0.000000,0.000000,0
22594,0.210537,0.000000,0.000000,0.000000,0
22855,0.217324,0.000000,0.000000,0.000000,0
23123,0.238479,0.000000,0.000000,0.000000,0
23386,0.141618,0.000000,0.000000,0.000000,0
23655,0.170227,0.000000,0.000000,0.000000,0
23915,0.248353,0.000000,0.000000,0.027309,0
24185,0.212174,0.000000,0.000000,0.000787,0
24456,0.233870,0.000000,0.000000,0.000000,0
24738,0.184760,0.000000,0.000000,0.000000,0
25006,0.267852,0.000000,0.000000,0.004072,0
25278,0.251377,0.000000,0.000000,0.000000,0
25624,0.234647,0.000000,0.000000,0.000000,0
25894,0.237342,0.000000,0.000000,0.000000,0
26165,0.205753,0.000000,0.000000,0.000000,0
26430,0.217864,0.000000,0.000000,0.000000,0
26697,0.227333,0.000000,0.000000,0.000000,0
26968,0.241255,0.000000,0.000000,0.000000,0
27238,0.217257,0.000000,0.000000,0.000000,0
27518,0.208428,0.000000,0.000000,0.000000,0
27784,0.198152,0.000000,0.000000,0.000000,0
28044,0.193976,0.000000,0.000000,0.000000,0
28315,0.211362,0.000000,0.000000,0.000000,0
28586,0.223455,0.000000,0.000000,0.000000,0
28853,0.216719,0.000000,0.000000,0.000000,0
29112,0.222992,0.000000,0.000000,0.000000,0
29383,0.233959,0.000000,0.000000,0.000000,0
29673,0.194515,0.000000,0.000000,0.000000,0
29936,0.185507,0.000000,0.000000,0.000000,0
30208,0.206594,0.000000,0.000000,0.000000,0
30477,0.232857,0.000000,0.000000,0.000000,0
30746,0.199426,0.000000,0.000000,0.000000,0
31018,0.161839,0.000000,0.000000,0.000000,0
31293,0.210933,0.000000,0.000000,0.000000,0
31554,0.225857,0.000000,0.000000,0.000000,0
31824,0.189444,0.000000,0.000000,0.000000,0
32095,0.210863,0.000000,0.000000,0.000000,0
32365,0.210927,0.000000,0.000000,0.000000,0
32635,0.195364,0.000000,0.000000,0.000000,0
32907,0.221525,0.000000,0.000000,0.000000,0
33194,0.143741,0.000000,0.000000,0.000000,0
33464,0.217339,0.000000,0.000000,0.000000,0
33732,0.131559,0.000000,0.000000,0.000000,0
33994,0.147009,0.000000,0.000000,0.000000,0
34254,0.149246,0.000000,0.000000,0.000000,0
34522,0.139402,0.000000,0.000000,0.000000,0
34785,0.164115,0.000000,0.000000,0.000000,0
35054,0.163991,0.000000,0.000000,0.000000,0
35325,0.126869,0.000000,0.000000,0.000000,0
35593,0.110238,0.000000,0.000000,0.000000,0
35862,0.113717,0.000000,0.000000,0.000000,0
36122,0.113657,0.000000,0.000000,0.000000,0
36383,0.114239,0.000000,0.000000,0.000000,0
36643,0.115537,0.000000,0.000000,0.000000,0
36901,0.112396,0.000000,0.000000,0.000000,0
37164,0.115501,0.000000,0.000000,0.000000,0
37434,0.122962,0.000000,0.000000,0.000000,0
37705,0.126960,0.000000,0.000000,0.000000,0
37973,0.118950,0.000000,0.000000,0.000000,0
38236,0.117603,0.000000,0.000000,0.000000,0
38505,0.115544,0.000000,0.000000,0.000000,0
38773,0.116142,0.000000,0.000000,0.000000,0
39033,0.118085,0.000000,0.000000,0.000000,0
39303,0.114628,0.000000,0.000000,0.000000,0
39564,0.114354,0.000000,0.000000,0.000000,0
39831,0.116399,0.000000,0.000000,0.000000,0
40096,0.114792,0.000000,0.000000,0.000000,0
40367,0.115272,0.000000,0.000000,0.000000,0
40633,0.115866,0.000000,0.000000,0.000000,0
40892,0.122011,0.000000,0.000000,0.000000,0
41157,0.130229,0.000000,0.000000,0.000000,0
41426,0.131909,0.000000,0.000000,0.000000,0
41695,0.124994,0.000000,0.000000,0.000000,0
41967,0.127171,0.000000,0.000000,0.000000,0
42236,0.118895,0.000000,0.000000,0.000000,0
42504,0.114335,0.000000,0.000000,0.000000,0
42768,0.115497,0.000000,0.000000,0.000000,0
43033,0.113265,0.000000,0.000000,0.000000,0
43296,0.114683,0.000000,0.000000,0.000000,0
43553,0.113886,0.000000,0.000000,0.000000,0
43816,0.115076,0.000000,0.000000,0.000000,0
44073,0.114833,0.000000,0.000000,0.000000,0
44334,0.114966,0.000000,0.000000,0.000000,0
44596,0.115553,0.000000,0.000000,0.000000,0
44853,0.115883,0.000000,0.000000,0.000000,0
45118,0.114103,0.000000,0.000000,0.000000,0
45386,0.112884,0.000000,0.000000,0.000000,0
45655,0.113996,0.000000,0.000000,0.000000,0
45912,0.116293,0.000000,0.000000,0.000000,0
46185,0.113910,0.000000,0.000000,0.000000,0
46455,0.114566,0.000000,0.000000,0.000000,0
46725,0.113455,0.000000,0.000000,0.000000,0
46997,0.114656,0.000000,0.000000,0.000000,0
47267,0.115243,0.000000,0.000000,0.000000,0
47537,0.114203,0.000000,0.000000,0.000000,0
47805,0.119224,0.000000,0.000000,0.000000,0
48061,0.119708,0.000000,0.000000,0.000000,0
48323,0.115343,0.000000,0.000000,0.000000,0
48588,0.115293,0.000000,0.000000,0.000000,0
48853,0.113073,0.000000,0.000000,0.000000,0
49114,0.113903,0.000000,0.000000,0.000000,0
49384,0.114766,0.000000,0.000000,0.000000,0
49653,0.114342,0.000000,0.000000,0.000000,0
49915,0.113751,0.000000,0.000000,0.000000,0
50189,0.115512,0.000000,0.000000,0.000000,0
50457,0.113154,0.000000,0.000000,0.000000,0
50725,0.113459,0.000000,0.000000,0.000000,0
50984,0.114264,0.000000,0.000000,0.000000,0
51251,0.114583,0.000000,0.000000,0.000000,0
51516,0.121041,0.000000,0.000000,0.000000,0
51783,0.118834,0.000000,0.000000,0.000000,0
52045,0.123124,0.000000,0.000000,0.000000,0
52313,0.120130,0.000000,0.000000,0.000000,0
52576,0.117419,0.000000,0.000000,0.000000,0
52834,0.114648,0.000000,0.000000,0.000000,0
53104,0.117720,0.000000,0.000000,0.000000,0
53376,0.116562,0.000000,0.000000,0.000000,0
53643,0.121987,0.000000,0.000000,0.000000,0
53902,0.127517,0.000000,0.000000,0.000000,0
54167,0.125837,0.000000,0.000000,0.000000,0
54437,0.118587,0.000000,0.000000,0.000000,0
54704,0.115680,0.000000,0.000000,0.000000,0
54974,0.116166,0.000000,0.000000,0.000000,0
55249,0.127844,0.000000,0.000000,0.000000,0
55527,0.138020,0.000000,0.000000,0.000000,0
55795,0.119170,0.000000,0.000000,0.000000,0
56067,0.117905,0.000000,0.000000,0.000000,0
56334,0.113618,0.000000,0.000000,0.000000,0
56599,0.114712,0.000000,0.000000,0.000000,0
56867,0.119818,0.000000,0.000000,0.000000,0
57136,0.118285,0.000000,0.000000,0.000000,0
57403,0.114972,0.000000,0.000000,0.000000,0
57663,0.116490,0.000000,0.000000,0.000000,0
57923,0.113798,0.000000,0.000000,0.000000,0
58184,0.115461,0.000000,0.000000,0.000000,0
58456,0.114466,0.000000,0.000000,0.000000,0
58718,0.113211,0.000000,0.000000,0.000000,0
58983,0.113919,0.000000,0.000000,0.000000,0
59249,0.114292,0.000000,0.000000,0.000000,0
59514,0.114098,0.000000,0.000000,0.000000,0
59774,0.113128,0.000000,0.000000,0.000000,0
60045,0.113585,0.000000,0.000000,0.000000,0
60306,0.112872,0.000000,0.000000,0.000000,0
60573,0.113078,0.000000,0.000000,0.000000,0
60838,0.113959,0.000000,0.000000,0.000000,0
61109,0.112789,0.000000,0.000000,0.000000,0
61376,0.113398,0.000000,0.000000,0.000000,0
61644,0.114406,0.000000,0.000000,0.000000,0
61913,0.112848,0.000000,0.000000,0.000000,0
62176,0.113673,0.000000,0.000000,0.000000,0
62442,0.113009,0.000000,0.000000,0.000000,0
62708,0.113278,0.000000,0.000000,0.000000,0
62978,0.113561,0.000000,0.000000,0.000000,0
63243,0.113158,0.000000,0.000000,0.000000,0
63517,0.113088,0.000000,0.000000,0.000000,0
63784,0.113502,0.000000,0.000000,0.000000,0
64056,0.113116,0.000000,0.000000,0.000000,0
64318,0.113494,0.000000,0.000000,0.000000,0
64584,0.113163,0.000000,0.000000,0.000000,0
64853,0.114078,0.000000,0.000000,0.000000,0
65117,0.113411,0.000000,0.000000,0.000000,0
65375,0.113560,0.000000,0.000000,0.000000,0
65633,0.113566,0.000000,0.000000,0.000000,0
65897,0.114830,0.000000,0.000000,0.000000,0
66168,0.114331,0.000000,0.000000,0.000000,0
66434,0.114989,0.000000,0.000000,0.000000,0
66695,0.114064,0.000000,0.000000,0.000000,0
66964,0.113302,0.000000,0.000000,0.000000,0
67223,0.113565,0.000000,0.000000,0.000000,0
67487,0.114038,0.000000,0.000000,0.000000,0
67755,0.113388,0.000000,0.000000,0.000000,0
68023,0.113519,0.000000,0.000000,0.000000,0
68293,0.113411,0.000000,0.000000,0.000000,0
68565,0.118336,0.000000,0.000000,0.000000,0
68835,0.116099,0.000000,0.000000,0.000000,0
69105,0.115099,0.000000,0.000000,0.000000,0
69372,0.113554,0.000000,0.000000,0.000000,0
69633,0.113894,0.000000,0.000000,0.000000,0
69904,0.115716,0.000000,0.000000,0.000000,0
70166,0.120365,0.000000,0.000000,0.000000,0
70436,0.116470,0.000000,0.000000,0.000000,0
70702,0.117965,0.000000,0.000000,0.000000,0
70965,0.117257,0.000000,0.000000,0.000000,0
71224,0.114176,0.000000,0.000000,0.000000,0
71484,0.114232,0.000000,0.000000,0.000000,0
71742,0.124782,0.000000,0.000000,0.000000,0
72010,0.129502,0.000000,0.000000,0.000000,0
72274,0.117227,0.000000,0.000000,0.000000,0
72533,0.116415,0.000000,0.000000,0.000000,0
72791,0.113530,0.000000,0.000000,0.000000,0
73053,0.123041,0.000000,0.000000,0.000000,0
73314,0.120216,0.000000,0.000000,0.000000,0
73583,0.117782,0.000000,0.000000,0.000000,0
73854,0.115927,0.000000,0.000000,0.000000,0
74129,0.118958,0.000000,0.000000,0.000000,0
74399,0.118255,0.000000,0.000000,0.000000,0
74666,0.125280,0.000000,0.000000,0.000000,0
74921,0.116313,0.000000,0.000000,0.000000,0
75183,0.123173,0.000000,0.000000,0.000000,0
75455,0.115133,0.000000,0.000000,0.000000,0
75721,0.114934,0.000000,0.000000,0.000000,0
75987,0.114272,0.000000,0.000000,0.000000,0
76257,0.113791,0.000000,0.000000,0.000000,0
76527,0.113096,0.000000,0.000000,0.000000,0
76798,0.115019,0.000000,0.000000,0.000000,0
77066,0.115807,0.000000,0.000000,0.000000,0
77337,0.113774,0.000000,0.000000,0.000000,0
77601,0.114070,0.000000,0.000000,0.000000,0
77867,0.114118,0.000000,0.000000,0.000000,0
78136,0.113575,0.000000,0.000000,0.000000,0
78405,0.113679,0.000000,0.000000,0.000000,0
78672,0.113622,0.000000,0.000000,0.000000,0
78943,0.113905,0.000000,0.000000,0.000000,0
79208,0.115182,0.000000,0.000000,0.000000,0
79477,0.114342,0.000000,0.000000,0.000000,0
79756,0.114918,0.000000,0.000000,0.000000,0
80024,0.114958,0.000000,0.000000,0.000000,0
80298,0.113612,0.000000,0.000000,0.000000,0
80568,0.112776,0.000000,0.000000,0.000000,0
80837,0.113592,0.000000,0.000000,0.000000,0
81104,0.113324,0.000000,0.000000,0.000000,0
81361,0.113938,0.000000,0.000000,0.000000,0
81626,0.113644,0.000000,0.000000,0.000000,0
81895,0.114002,0.000000,0.000000,0.000000,0
82163,0.113771,0.000000,0.000000,0.000000,0
82434,0.114240,0.000000,0.000000,0.000000,0
82704,0.113963,0.000000,0.000000,0.000000,0
82966,0.113258,0.000000,0.000000,0.000000,0
83224,0.113372,0.000000,0.000000,0.000000,0
83497,0.113357,0.000000,0.000000,0.000000,0
83767,0.113162,0.000000,0.000000,0.000000,0
84037,0.113332,0.000000,0.000000,0.000000,0
84303,0.113909,0.000000,0.000000,0.000000,0
84563,0.113611,0.000000,0.000000,0.000000,0
84829,0.113302,0.000000,0.000000,0.000000,0
85098,0.113673,0.000000,0.000000,0.000000,0
85383,0.114022,0.000000,0.000000,0.000000,0
85642,0.113456,0.000000,0.000000,0.000000,0
85903,0.113383,0.000000,0.000000,0.000000,0
86164,0.114189,0.000000,0.000000,0.000000,0
86433,0.113767,0.000000,0.000000,0.000000,0
86703,0.113227,0.000000,0.000000,0.000000,0
86969,0.114442,0.000000,0.000000,0.000000,0
87237,0.113331,0.000000,0.000000,0.000000,0
87493,0.113776,0.000000,0.000000,0.000000,0
87763,0.114507,0.000000,0.000000,0.000000,0
88024,0.113938,0.000000,0.000000,0.000000,0
88286,0.114853,0.000000,0.000000,0.000000,0
88554,0.113321,0.000000,0.000000,0.000000,0
88831,0.113982,0.000000,0.000000,0.000000,0
89097,0.113530,0.000000,0.000000,0.000000,0
89368,0.114018,0.000000,0.000000,0.000000,0
89638,0.113171,0.000000,0.000000,0.000000,0
89909,0.113111,0.000000,0.000000,0.000000,0
90179,0.113255,0.000000,0.000000,0.000000,0
90446,0.112759,0.000000,0.000000,0.000000,0
90725,0.114149,0.000000,0.000000,0.000000,0
90993,0.113329,0.000000,0.000000,0.000000,0
91257,0.114302,0.000000,0.000000,0.000000,0
91527,0.114556,0.000000,0.000000,0.000000,0
91793,0.113543,0.000000,0.000000,0.000000,0
92055,0.113024,0.000000,0.000000,0.000000,0
92315,0.113594,0.000000,0.000000,0.000000,0
92589,0.113251,0.000000,0.000000,0.000000,0
92857,0.114385,0.000000,0.000000,0.000000,0
93127,0.114658,0.000000,0.000000,0.000000,0
93398,0.113719,0.000000,0.000000,0.000000,0
93670,0.113289,0.000000,0.000000,0.000000,0
93932,0.113774,0.000000,0.000000,0.000000,0
94194,0.113679,0.000000,0.000000,0.000000,0
94451,0.114238,0.000000,0.000000,0.000000,0
94720,0.113895,0.000000,0.000000,0.000000,0
94989,0.115660,0.000000,0.000000,0.000000,0
95259,0.114524,0.000000,0.000000,0.000000,0
95525,0.114990,0.000000,0.000000,0.000000,0
95787,0.113610,0.000000,0.000000,0.000000,0
96055,0.115190,0.000000,0.000000,0.000000,0
96324,0.114272,0.000000,0.000000,0.000000,0
96593,0.113603,0.000000,0.000000,0.000000,0
96854,0.119844,0.000000,0.000000,0.000000,0
97119,0.115223,0.000000,0.000000,0.000000,0
97388,0.118684,0.000000,0.000000,0.000000,0
97657,0.118264,0.000000,0.000000,0.000000,0
97925,0.118358,0.000000,0.000000,0.000000,0
98193,0.118233,0.000000,0.000000,0.000000,0
98456,0.116613,0.000000,0.000000,0.000000,0
98713,0.113162,0.000000,0.000000,0.000000,0
98983,0.114195,0.000000,0.000000,0.000000,0
99254,0.114747,0.000000,0.000000,0.000000,0
99514,0.112905,0.000000,0.000000,0.000000,0
99785,0.113822,0.000000,0.000000,0.000000,0
100054,0.113658,0.000000,0.000000,0.000000,0
100337,0.113948,0.000000,0.000000,0.000000,0
100592,0.115465,0.000000,0.000000,0.000000,0
100857,0.120019,0.000000,0.000000,0.000000,0
101128,0.116023,0.000000,0.000000,0.000000,0
101392,0.114971,0.000000,0.000000,0.000000,0
101656,0.116246,0.000000,0.000000,0.000000,0
101914,0.117015,0.000000,0.000000,0.000000,0
102177,0.116175,0.000000,0.000000,0.000000,0
102444,0.116716,0.000000,0.000000,0.000000,0
102710,0.117328,0.000000,0.000000,0.000000,0
102974,0.116432,0.000000,0.000000,0.000000,0
103238,0.115880,0.000000,0.000000,0.000000,0
103504,0.114876,0.000000,0.000000,0.000000,0
103767,0.114935,0.000000,0.000000,0.000000,0
104034,0.114251,0.000000,0.000000,0.000000,0
104298,0.115461,0.000000,0.000000,0.000000,0
104566,0.113435,0.000000,0.000000,0.000000,0
104822,0.113496,0.000000,0.000000,0.000000,0
105083,0.113711,0.000000,0.000000,0.000000,0
105354,0.115051,0.000000,0.000000,0.000000,0
105625,0.113218,0.000000,0.000000,0.000000,0
105893,0.113195,0.000000,0.000000,0.000000,0
106152,0.113947,0.000000,0.000000,0.000000,0
106414,0.115979,0.000000,0.000000,0.000000,0
106672,0.113799,0.000000,0.000000,0.000000,0
106936,0.114795,0.000000,0.000000,0.000000,0
107207,0.113675,0.000000,0.000000,0.000000,0
107476,0.117089,0.000000,0.000000,0.000000,0
107747,0.114752,0.000000,0.000000,0.000000,0
108013,0.114886,0.000000,0.000000,0.000000,0
108284,0.113950,0.000000,0.000000,0.000000,0
108553,0.114365,0.000000,0.000000,0.000000,0
108813,0.113556,0.000000,0.000000,0.000000,0
109083,0.114602,0.000000,0.000000,0.000000,0
109354,0.112720,0.000000,0.000000,0.000000,0
109616,0.114986,0.000000,0.000000,0.000000,0
109887,0.115731,0.000000,0.000000,0.000000,0
110155,0.113591,0.000000,0.000000,0.000000,0
110422,0.115635,0.000000,0.000000,0.000000,0
110695,0.113161,0.000000,0.000000,0.000000,0
110970,0.114226,0.000000,0.000000,0.000000,0
111230,0.116562,0.000000,0.000000,0.000000,0
111497,0.121831,0.000000,0.000000,0.000000,0
111765,0.122333,0.000000,0.000000,0.000000,0
112033,0.150237,0.000000,0.000000,0.000000,0
112296,0.146374,0.000000,0.000000,0.000000,0
112553,0.138105,0.000000,0.000000,0.000000,0
112819,0.128950,0.000000,0.000000,0.000000,0
113094,0.122917,0.000000,0.000000,0.000000,0
113365,0.116664,0.000000,0.000000,0.000000,0
113634,0.119143,0.000000,0.000000,0.000000,0
113898,0.121763,0.000000,0.000000,0.000000,0
114167,0.120877,0.000000,0.000000,0.000000,0
114424,0.116743,0.000000,0.000000,0.000000,0
114718,0.117653,0.000000,0.000000,0.000000,0
114983,0.125351,0.000000,0.000000,0.000000,0
115247,0.117632,0.000000,0.000000,0.000000,0
115504,0.112880,0.000000,0.000000,0.000000,0
115762,0.113694,0.000000,0.000000,0.000000,0
116027,0.117013,0.000000,0.000000,0.000000,0
116294,0.111582,0.000000,0.000000,0.000000,0
116560,0.117175,0.000000,0.000000,0.000000,0
116827,0.120002,0.000000,0.000000,0.000000,0
117095,0.112682,0.000000,0.000000,0.000000,0
117366,0.118075,0.000000,0.000000,0.000000,0
117635,0.113388,0.000000,0.000000,0.000000,0
117902,0.113935,0.000000,0.000000,0.000000,0
118168,0.112171,0.000000,0.000000,0.000000,0
118435,0.112933,0.000000,0.000000,0.000000,0
118708,0.113188,0.000000,0.000000,0.000000,0
118976,0.112832,0.000000,0.000000,0.000000,0
119245,0.114543,0.000000,0.000000,0.000000,0
119514,0.112939,0.000000,0.000000,0.000000,0
119778,0.111315,0.000000,0.000000,0.000000,0
120044,0.112780,0.000000,0.000000,0.000000,0
120313,0.113583,0.000000,0.000000,0.000000,0
120592,0.109826,0.000000,0.000000,0.000000,0
120854,0.115097,0.000000,0.000000,0.000000,0
121122,0.109854,0.000000,0.000000,0.000000,0
121383,0.110164,0.000000,0.000000,0.000000,0
121643,0.108878,0.000000,0.000000,0.000000,0
121916,0.112255,0.000000,0.000000,0.000000,0
122185,0.112525,0.000000,0.000000,0.000000,0
122457,0.113303,0.000000,0.000000,0.000000,0
122727,0.110832,0.000000,0.000000,0.000000,0
122984,0.119944,0.000000,0.000000,0.000000,0
123258,0.110692,0.000000,0.000000,0.000000,0
123527,0.111455,0.000000,0.000000,0.000000,0
123798,0.131660,0.000000,0.000000,0.000000,0
124071,0.115470,0.000000,0.000000,0.000000,0
124338,0.114077,0.000000,0.000000,0.000000,0
124603,0.112315,0.000000,0.000000,0.000000,0
124863,0.113925,0.000000,0.000000,0.000000,0
125128,0.113953,0.000000,0.000000,0.000000,0
125396,0.113527,0.000000,0.000000,0.000000,0
912,0.116838,0.000000,0.000000,0.000000,0
1172,0.116331,0.000000,0.000000,0.000000,0
1437,0.114841,0.000000,0.000000,0.000000,0
1689,0.116783,0.000000,0.000000,0.000000,0
1951,0.114954,0.000000,0.000000,0.000000,0
2207,0.115101,0.000000,0.000000,0.000000,0
2470,0.115300,0.000000,0.000000,0.000000,0
2728,0.117849,0.000000,0.000000,0.000000,0
2988,0.117186,0.000000,0.000000,0.000000,0
3251,0.115248,0.000000,0.000000,0.000000,0
3518,0.115999,0.000000,0.000000,0.000000,0
3780,0.115744,0.000000,0.000000,0.000000,0
4055,0.118354,0.000000,0.000000,0.000000,0
4323,0.116890,0.000000,0.000000,0.000000,0
4592,0.114040,0.000000,0.000000,0.000000,0
4870,0.115262,0.000000,0.000000,0.000000,0
5141,0.114235,0.000000,0.000000,0.000000,0
5409,0.118601,0.000000,0.000000,0.000000,0
5679,0.114369,0.000000,0.000000,0.000000,0
5938,0.115949,0.000000,0.000000,0.000000,0
6197,0.114154,0.000000,0.000000,0.000000,0
6458,0.116043,0.000000,0.000000,0.000000,0
6723,0.114743,0.000000,0.000000,0.000000,0
6990,0.114901,0.000000,0.000000,0.000000,0
7253,0.114207,0.000000,0.000000,0.000000,0
7520,0.115766,0.000000,0.000000,0.000000,0
7788,0.114541,0.000000,0.000000,0.000000,0
8058,0.114935,0.000000,0.000000,0.000000,0
8322,0.114363,0.000000,0.000000,0.000000,0
8587,0.114178,0.000000,0.000000,0.000000,0
8847,0.115111,0.000000,0.000000,0.000000,0
9108,0.115360,0.000000,0.000000,0.000000,0
9371,0.116492,0.000000,0.000000,0.000000,0
9640,0.119357,0.000000,0.000000,0.000000,0
917,0.112938,0.000000,0.000000,0.000000,0
1180,0.115640,0.000000,0.000000,0.000000,0
1434,0.112609,0.000000,0.000000,0.000000,0
1694,0.118053,0.000000,0.000000,0.000000,0
1956,0.112417,0.000000,0.000000,0.000000,0
2224,0.110934,0.000000,0.000000,0.000000,0
2487,0.111916,0.000000,0.000000,0.000000,0
2753,0.117952,0.000000,0.000000,0.000000,0
3016,0.111863,0.000000,0.000000,0.000000,0
3285,0.115696,0.000000,0.000000,0.000000,0
3543,0.115896,0.000000,0.000000,0.000000,0
3808,0.115192,0.000000,0.000000,0.000000,0
4075,0.120022,0.000000,0.000000,0.000000,0
4344,0.115898,0.000000,0.000000,0.000000,0
4604,0.126125,0.000000,0.000000,0.000000,0
4865,0.119223,0.000000,0.000000,0.000000,0
5136,0.116772,0.000000,0.000000,0.000000,0
5401,0.115142,0.000000,0.000000,0.000000,0
5666,0.115160,0.000000,0.000000,0.000000,0
5923,0.128656,0.000000,0.000000,0.000000,0
6189,0.111043,0.000000,0.000000,0.000000,0
6456,0.124927,0.000000,0.000000,0.000000,0
6730,0.135134,0.000000,0.000000,0.000000,0
6998,0.130851,0.000000,0.000000,0.000000,0
7264,0.118108,0.000000,0.000000,0.000000,0
7530,0.118786,0.000000,0.000000,0.000000,0
7793,0.112359,0.000000,0.000000,0.000000,0
8058,0.103370,0.000000,0.000000,0.000000,0
8327,0.111750,0.000000,0.000000,0.000000,0
8590,0.104568,0.000000,0.000000,0.000000,0
8864,0.111430,0.000000,0.000000,0.000000,0
9135,0.117402,0.000000,0.000000,0.000000,0
9404,0.106201,0.000000,0.000000,0.000000,0
9664,0.106216,0.000000,0.000000,0.000000,0
9925,0.000000,0.463330,0.000000,0.000000,0
10187,0.000000,0.466713,0.000000,0.000000,0
10454,0.078937,0.000000,0.075019,0.000000,0
10720,0.079845,0.000000,0.074892,0.000000,0
10984,0.000000,0.154211,0.000000,0.199080,0
11249,0.000000,0.153414,0.000000,0.198685,0
11515,0.717581,0.311927,0.302038,0.182923,0
11778,0.315951,0.267343,0.166742,0.178305,0
12035,0.434088,0.500198,0.000000,0.183925,0
12307,0.000000,0.524775,0.077527,0.000000,0
12574,0.000000,0.516108,0.072392,0.000000,0
12834,0.385762,0.000000,1.003886,0.000000,0
13100,0.000000,0.000000,0.000000,0.000000,0
13366,0.000000,0.000000,0.018365,0.000000,0
13638,0.000000,0.000000,0.020754,0.000000,0
13905,0.000000,0.663958,0.000000,0.000000,0
14163,0.046611,0.500078,0.000000,0.303115,0
14442,0.039759,0.000000,0.044251,0.000000,0
14695,0.036752,0.000000,0.039141,0.000000,0
14955,0.579212,0.212860,0.000000,0.000000,0
925,0.119153,0.000000,0.000000,0.000000,0
1185,0.117694,0.000000,0.000000,0.000000,0
1443,0.103822,0.000000,0.000000,0.000000,0
1702,0.105789,0.000000,0.000000,0.000000,0
1961,0.104447,0.000000,0.000000,0.000000,0
2225,0.105433,0.000000,0.000000,0.000000,0
2481,0.102241,0.000000,0.000000,0.000000,0
2739,0.105390,0.000000,0.000000,0.000000,0
3003,0.102217,0.000000,0.000000,0.000000,0
3272,0.102713,0.000000,0.000000,0.000000,0
3530,0.104252,0.000000,0.000000,0.000000,0
3793,0.104106,0.000000,0.000000,0.000000,0
4050,0.103472,0.000000,0.000000,0.000000,0
4313,0.103281,0.000000,0.000000,0.000000,0
4570,0.103507,0.000000,0.000000,0.000000,0
4844,0.104087,0.000000,0.000000,0.000000,0
5116,0.104110,0.000000,0.000000,0.000000,0
5385,0.103775,0.000000,0.000000,0.000000,0
5654,0.102205,0.000000,0.000000,0.000000,0
5925,0.103541,0.000000,0.000000,0.000000,0
6194,0.105076,0.000000,0.000000,0.000000,0
6472,0.103044,0.000000,0.000000,0.000000,0
6736,0.103191,0.000000,0.000000,0.000000,0
7003,0.103332,0.000000,0.000000,0.000000,0
7271,0.102055,0.000000,0.000000,0.000000,0
7542,0.101631,0.000000,0.000000,0.000000,0
7809,0.104470,0.000000,0.000000,0.000000,0
8088,0.103214,0.000000,0.000000,0.000000,0
8350,0.102520,0.000000,0.000000,0.000000,0
8624,0.103116,0.000000,0.000000,0.000000,0
8889,0.103239,0.000000,0.000000,0.000000,0
9151,0.103037,0.000000,0.000000,0.000000,0
9421,0.105114,0.000000,0.000000,0.000000,0
9689,0.105517,0.000000,0.000000,0.000000,0
9954,0.104630,0.000000,0.000000,0.000000,0
10221,0.107579,0.000000,0.000000,0.000000,0
10485,0.106233,0.000000,0.000000,0.000000,0
10756,0.102896,0.000000,0.000000,0.000000,0
11019,0.109305,0.000000,0.000000,0.000000,0
11284,0.103047,0.000000,0.000000,0.000000,0
11551,0.106189,0.000000,0.000000,0.000000,0
11821,0.104452,0.000000,0.000000,0.000000,0
12084,0.103361,0.000000,0.000000,0.000000,0
12354,0.112501,0.000000,0.000000,0.000000,0
12610,0.104530,0.000000,0.000000,0.000000,0
12873,0.112058,0.000000,0.000000,0.000000,0
13137,0.103876,0.000000,0.000000,0.000000,0
13401,0.104858,0.000000,0.000000,0.000000,0
13662,0.106548,0.000000,0.000000,0.000000,0
13937,0.106710,0.000000,0.000000,0.000000,0
14204,0.106746,0.000000,0.000000,0.000000,0
14472,0.102997,0.000000,0.000000,0.000000,0
14740,0.104294,0.000000,0.000000,0.000000,0
15011,0.103980,0.000000,0.000000,0.000000,0
15269,0.111822,0.000000,0.000000,0.000000,0
15541,0.108351,0.000000,0.000000,0.000000,0
15812,0.104070,0.000000,0.000000,0.000000,0
16080,0.103882,0.000000,0.000000,0.000000,0
16339,0.102802,0.000000,0.000000,0.000000,0
16600,0.102792,0.000000,0.000000,0.000000,0
16860,0.101447,0.000000,0.000000,0.000000,0
17119,0.102598,0.000000,0.000000,0.000000,0
17384,0.103278,0.000000,0.000000,0.000000,0
17654,0.103929,0.000000,0.000000,0.000000,0
17920,0.102068,0.000000,0.000000,0.000000,0
18190,0.103107,0.000000,0.000000,0.000000,0
18450,0.104020,0.000000,0.000000,0.000000,0
18714,0.106048,0.000000,0.000000,0.000000,0
18981,0.102361,0.000000,0.000000,0.000000,0
19250,0.109642,0.000000,0.000000,0.000000,0
19513,0.103168,0.000000,0.000000,0.000000,0
19781,0.107193,0.000000,0.000000,0.000000,0
20041,0.121754,0.000000,0.000000,0.000000,0
910,0.108424,0.000000,0.000000,0.000000,0
1174,0.108199,0.000000,0.000000,0.000000,0
1430,0.125545,0.000000,0.000000,0.000000,0
1690,0.230627,0.000000,0.000000,0.000000,0
1952,0.112650,0.000000,0.000000,0.000000,0
2221,0.105879,0.000000,0.000000,0.000000,0
2490,0.110620,0.000000,0.000000,0.000000,0
2766,0.106719,0.000000,0.000000,0.000000,0
3037,0.116204,0.000000,0.000000,0.000000,0
3300,0.117572,0.000000,0.000000,0.000000,0
3563,0.116770,0.000000,0.000000,0.000000,0
3820,0.127228,0.000000,0.000000,0.000000,0
4084,0.129769,0.000000,0.000000,0.000000,0
4340,0.108327,0.000000,0.000000,0.000000,0
4605,0.111667,0.000000,0.000000,0.000000,0
4880,0.110491,0.000000,0.000000,0.000000,0
5150,0.103706,0.000000,0.000000,0.000000,0
5411,0.107567,0.000000,0.000000,0.000000,0
5682,0.104936,0.000000,0.000000,0.000000,0
5942,0.103445,0.000000,0.000000,0.000000,0
6201,0.103537,0.000000,0.000000,0.000000,0
6465,0.102162,0.000000,0.000000,0.000000,0
6730,0.102742,0.000000,0.000000,0.000000,0
6993,0.101267,0.000000,0.000000,0.000000,0
7261,0.102264,0.000000,0.000000,0.000000,0
7522,0.101980,0.000000,0.000000,0.000000,0
7784,0.100852,0.000000,0.000000,0.000000,0
8039,0.101205,0.000000,0.000000,0.000000,0
8301,0.101473,0.000000,0.000000,0.000000,0
8573,0.101208,0.000000,0.000000,0.000000,0
8842,0.133731,0.000000,0.000000,0.000000,0
9113,0.117469,0.000000,0.000000,0.000000,0
9384,0.107442,0.000000,0.000000,0.000000,0
9654,0.102212,0.000000,0.000000,0.000000,0
9925,0.105262,0.000000,0.000000,0.000000,0
10206,0.105727,0.000000,0.000000,0.000000,0
10474,0.102361,0.000000,0.000000,0.000000,0
10730,0.104860,0.000000,0.000000,0.000000,0
10996,0.103367,0.000000,0.000000,0.000000,0
11261,0.104609,0.000000,0.000000,0.000000,0
11532,0.108074,0.000000,0.000000,0.000000,0
11795,0.113063,0.000000,0.000000,0.000000,0
12070,0.118190,0.000000,0.000000,0.000000,0
12335,0.110001,0.000000,0.000000,0.000000,0
12601,0.109009,0.000000,0.000000,0.000000,0
12865,0.113386,0.000000,0.000000,0.000000,0
13129,0.112560,0.000000,0.000000,0.000000,0
13400,0.108122,0.000000,0.000000,0.000000,0
13663,0.102587,0.000000,0.000000,0.000000,0
13919,0.108237,0.000000,0.000000,0.000000,0
14181,0.105706,0.000000,0.000000,0.000000,0
14451,0.102787,0.000000,0.000000,0.000000,0
14713,0.102470,0.000000,0.000000,0.000000,0
14981,0.103589,0.000000,0.000000,0.000000,0
917,0.097302,0.000000,0.000000,0.000000,0
1176,0.110852,0.000000,0.000000,0.000000,0
1434,0.109473,0.000000,0.000000,0.000000,0
1694,0.104178,0.000000,0.000000,0.000000,0
1952,0.109976,0.000000,0.000000,0.000000,0
2217,0.098504,0.000000,0.000000,0.000000,0
2486,0.100080,0.000000,0.000000,0.000000,0
2759,0.098601,0.000000,0.000000,0.000000,0
3041,0.100461,0.000000,0.000000,0.000000,0
3305,0.098147,0.000000,0.000000,0.000000,0
3574,0.096479,0.000000,0.000000,0.000000,0
3843,0.104703,0.000000,0.000000,0.000000,0
4113,0.099269,0.000000,0.000000,0.000000,0
4382,0.100208,0.000000,0.000000,0.000000,0
4643,0.106017,0.000000,0.000000,0.000000,0
4912,0.098849,0.000000,0.000000,0.000000,0
914,0.113501,0.000000,0.000000,0.000000,0
1174,0.105899,0.000000,0.000000,0.000000,0
1435,0.119099,0.000000,0.000000,0.000000,0
1698,0.109443,0.000000,0.000000,0.000000,0
1954,0.099632,0.000000,0.000000,0.000000,0
2223,0.101075,0.000000,0.000000,0.000000,0
2483,0.100417,0.000000,0.000000,0.000000,0
2760,0.097396,0.000000,0.000000,0.000000,0
3030,0.101044,0.000000,0.000000,0.000000,0
3298,0.100829,0.000000,0.000000,0.000000,0
3566,0.106194,0.000000,0.000000,0.000000,0
3823,0.109397,0.000000,0.000000,0.000000,0
4088,0.109238,0.000000,0.000000,0.000000,0
4357,0.101285,0.000000,0.000000,0.000000,0
4624,0.103769,0.000000,0.000000,0.000000,0
4893,0.100988,0.000000,0.000000,0.000000,0
5155,0.104300,0.000000,0.000000,0.000000,0
5424,0.104426,0.000000,0.000000,0.000000,0
5683,0.109851,0.000000,0.000000,0.000000,0
5944,0.133112,0.000000,0.000000,0.000000,0
6205,0.149728,0.000000,0.000000,0.000000,0
6468,0.138122,0.000000,0.000000,0.000000,0
6733,0.146560,0.000000,0.000000,0.000000,0
7000,0.146269,0.000000,0.000000,0.000000,0
7267,0.135568,0.000000,0.000000,0.000000,0
7532,0.131796,0.000000,0.000000,0.000000,0
7797,0.119279,0.000000,0.000000,0.000000,0
8064,0.119290,0.000000,0.000000,0.000000,0
8334,0.115401,0.000000,0.000000,0.000000,0
8608,0.117385,0.000000,0.000000,0.000000,0
8876,0.108286,0.000000,0.000000,0.000000,0
9146,0.114789,0.000000,0.000000,0.000000,0
9417,0.121711,0.000000,0.000000,0.000000,0
9684,0.106579,0.000000,0.000000,0.000000,0
9942,0.105999,0.000000,0.000000,0.000000,0
933,0.000000,0.318608,0.000000,0.000000,0
1185,0.000000,0.455822,0.000000,0.000000,0
1436,0.000000,0.350603,0.000000,0.000000,0
1696,0.000000,0.347809,0.000000,0.000000,0
1961,0.000705,0.478736,0.000000,0.000000,0
2226,0.065527,0.677493,0.000000,0.000000,0
2490,0.000000,0.644313,0.000000,0.000000,0
2757,0.000000,0.645892,0.000000,0.000000,0
3019,0.000000,0.642469,0.000000,0.000000,0
3287,0.000000,0.646545,0.000000,0.000000,0
3551,0.000000,0.646252,0.000000,0.000000,0
3817,0.000000,0.645577,0.000000,0.000000,0
4079,0.000000,0.646832,0.000000,0.000000,0
4348,0.000000,0.645005,0.000000,0.000000,0
4617,0.000000,0.645814,0.000000,0.000000,0
4891,0.000000,0.646321,0.000000,0.000000,0
785,0.000000,0.646294,0.000000,0.000000,0
1042,0.000000,0.644892,0.000000,0.000000,0
1303,0.000000,0.645752,0.000000,0.000000,0
1566,0.000000,0.646326,0.000000,0.000000,0
1832,0.000000,0.646151,0.000000,0.000000,0
2107,0.000000,0.645825,0.000000,0.000000,0
2362,0.000000,0.644364,0.000000,0.000000,0
2627,0.000000,0.646344,0.000000,0.000000,0
2892,0.000000,0.645657,0.000000,0.000000,0
3157,0.000000,0.645891,0.000000,0.000000,0
3426,0.000000,0.646816,0.000000,0.000000,0
3698,0.000000,0.645066,0.000000,0.000000,0
3962,0.000000,0.645267,0.000000,0.000000,0
4221,0.000000,0.645889,0.000000,0.000000,0
4482,0.000000,0.644675,0.000000,0.000000,0
4742,0.000000,0.645732,0.000000,0.000000,0
5002,0.000000,0.644860,0.000000,0.000000,0
5273,0.000000,0.644119,0.000000,0.000000,0
5532,0.000000,0.644497,0.000000,0.000000,0
5803,0.000000,0.644513,0.000000,0.000000,0
6062,0.000000,0.645452,0.000000,0.000000,0
6323,0.000000,0.644604,0.000000,0.000000,0
6582,0.000000,0.644754,0.000000,0.000000,0
6842,0.000000,0.645453,0.000000,0.000000,0
7105,0.000000,0.645184,0.000000,0.000000,0
7361,0.000000,0.644333,0.000000,0.000000,0
7624,0.000000,0.645492,0.000000,0.000000,0
7889,0.000000,0.645931,0.000000,0.000000,0
8157,0.000000,0.644438,0.000000,0.000000,0
8426,0.000000,0.645128,0.000000,0.000000,0
8693,0.000000,0.644580,0.000000,0.000000,0
8952,0.000000,0.646561,0.000000,0.000000,0
9211,0.000000,0.645554,0.000000,0.000000,0
9474,0.000000,0.645816,0.000000,0.000000,0
9745,0.000000,0.644894,0.000000,0.000000,0
10012,0.000000,0.645708,0.000000,0.000000,0
784,0.000000,0.645145,0.000000,0.000000,0
1042,0.000000,0.647072,0.000000,0.000000,0
1302,0.000000,0.644084,0.000000,0.000000,0
1563,0.004760,0.649372,0.000000,0.000000,0
1820,0.000854,0.646232,0.000000,0.000000,0
2080,0.000000,0.646651,0.000000,0.000000,0
2343,0.000663,0.649009,0.000000,0.000000,0
2605,0.001693,0.648088,0.000000,0.000000,0
2862,0.000000,0.648393,0.000000,0.000000,0
3125,0.000000,0.646150,0.000000,0.000000,0
3396,0.000000,0.647273,0.000000,0.000000,0
3667,0.000948,0.649330,0.000000,0.000000,0
3943,0.004794,0.650621,0.000000,0.000000,0
4203,0.007383,0.651430,0.000000,0.000000,0
4463,0.000148,0.649778,0.000000,0.000000,0
4721,0.001649,0.651199,0.000000,0.000000,0
4983,0.005151,0.649450,0.000000,0.000000,0
934,0.005944,0.655741,0.000000,0.000000,0
1189,0.005610,0.655407,0.000000,0.000000,0
1453,0.005284,0.654804,0.000000,0.000000,0
1708,0.004789,0.654535,0.000000,0.000000,0
1972,0.005970,0.655771,0.000000,0.000000,0
2239,0.005438,0.655019,0.000000,0.000000,0
2497,0.005738,0.655703,0.000000,0.000000,0
2768,0.015723,0.658031,0.000000,0.000000,0
3040,0.012643,0.658679,0.000000,0.000000,0
3298,0.006748,0.656020,0.000000,0.000000,0
3567,0.004503,0.653157,0.000000,0.000000,0
3828,0.007925,0.657079,0.000000,0.000000,0
4088,0.008743,0.656306,0.000000,0.000000,0
4348,0.025282,0.659496,0.000000,0.000000,0
4608,0.000000,0.589257,0.000000,0.000000,0
4882,0.000000,0.541232,0.000000,0.000000,0
